Workbook

Sheet Epicas
A1: Épica | B1: ID HU | C1: Nombre | D1: Enunciado de la Historia de Usuario | E1: Criterios de Aceptación
A2: Formulario de registro | B2: HU09 | C2: Registro de nuevo usuario | D2: Como paciente Quiero registrarme mediante un formulario que solicite mis datos personales y de contacto, incluyendo aceptación de términos y condiciones Para poder acceder al sistema con una cuenta propia. | E2: - El formulario debe solicitar como mínimo: tipo y número de documento, nombre, apellido, teléfono, género, correo electrónico, contraseña y confirmación de contraseña. - El botón de "Registrarme" debe estar deshabilitado hasta que todos los campos obligatorios estén diligenciados y se acepten los términos y condiciones. - El usuario debe marcar la casilla de aceptación de términos y condiciones para completar el registro. - Una vez registrado, el paciente es redirigido automáticamente a la página de inicio de sesión o a su panel principal. - Debe haber un enlace claramente visible con el texto “¿Ya tienes una cuenta? Inicia sesión”. - Al hacer clic en el enlace, debe redirigirme correctamente al formulario de inicio de sesión. - Cada campo debe mostrar retroalimentación inmediata si el valor ingresado no cumple con el formato esperado (por ejemplo, correo mal escrito). - Los mensajes de error deben ser claros y específicos para cada campo. - No se permite enviar el formulario si hay errores de validación sin corregir, y se le indica al usuario qué campos debe revisar. - La contraseña debe tener mínimo 8 caracteres, al menos una mayúscula, un número y un símbolo. - Si no cumple con los requisitos, debe mostrarse un mensaje de advertencia y no permitir el registro | G2: las epicas son como grandes metas de negocio o volumenes de trabajo las cuales contienen una o varias historias de usuario
A4: Formulario de inicio de sesion | B4: HU12 | C4: Acceder con cuenta existente | D4: Como paciente Quiero poder iniciar sesión en el sistema utilizando mi correo y mi contraseña Para acceder a mi perfil y funcionalidades del sistema médico. | E4: − El formulario debe aceptar como identificador el correo electrónico o el número de teléfono registrado. − Si las credenciales son correctas, el usuario debe ser redirigido automáticamente al panel principal del sistema. − Si las credenciales son correctas, el paciente es redirigido a su panel principal.
B5: HU13 | C5: Recuperación de contraseña | D5: Como paciente Quiero contar con una opción para recuperar mi contraseña en caso de olvidarla Para poder restablecer mi acceso al sistema. | E5: − Debe haber un enlace visible (ej. "¿Olvidaste tu contraseña?") en la pantalla de inicio de sesión. − Debe haber un enlace visible con el texto “¿Olvidaste tu contraseña?” en el formulario de inicio de sesión. − Al ingresar un correo registrado, el sistema debe enviar un correo con instrucciones para restablecer la contraseña. − El enlace/código debe tener una caducidad por seguridad.
B6: HU11 | C6: Notificación por error del servidor en inicio de sesión | D6: Como paciente Quiero recibir un mensaje claro si al intentar iniciar sesión el servidor está caído o hay un problema técnico Para saber que el error no es mío. | E6: − Si hay error del servidor (código 500 o similar), debe mostrarse un mensaje como “Servicio no disponible, por favor intenta más tarde”. − El sistema no debe eliminar los datos ingresados en el formulario al producirse el error.
A8: Validaciones de formularios | B8: HU10 | C8: Alerta por correo duplicado en registro | D8: Como paciente Quiero ser notificado si intento registrar una cuenta con un correo ya existente Para saber que debo iniciar sesión en lugar de crear una nueva cuenta. | E8: − Si el correo ya está registrado, debe mostrarse un mensaje como “Este correo ya está vinculado a una cuenta. ¿Deseas iniciar sesión?”. − El sistema debe bloquear el registro hasta que se ingrese un correo no registrado.
A10: Menu | B10: HU01 | C10: Menú de navegación clara | D10: Como paciente Quiero que el sistema tenga categorías claras en el menú Para poder navegar fácilmente sin perderme. | E10: − El menú debe estar visible en todo momento mientras el usuario navega. − Cada opción del menú debe redirigir correctamente a la sección correspondiente. − Deben existir las categorías
A12: Panel principal | B12: HU02 | C12: Panel de resumen del paciente | D12: Como paciente Quiero ver un panel principal con un resumen de mis próximas citas, indicaciones médicas y notificaciones recientes Para tener un panorama general desde que ingreso al sistema. | E12: − El resumen debe incluir al menos: fecha y hora de la próxima cita, últimas indicaciones, y las tres notificaciones más recientes. − Debe mostrarse automáticamente al ingresar al sistema sin necesidad de navegar a otra sección. − Las notificaciones recientes (ej. recordatorios de citas, actualizaciones) son visibles en el panel principal. − El panel carga toda la información en menos de 3 segundos.
B13: HU03 | C13: Panel diario del médico | D13: Como médico Quiero contar con un panel donde pueda visualizar mis citas del día y acceder al historial médico de cada paciente agendado Para preparar mejor mi jornada laboral. | E13: − El panel debe mostrar las citas ordenadas por hora. − Cada cita debe permitir acceso rápido al historial médico del paciente. − El historial médico del paciente debe incluir citas previas, diagnósticos, indicaciones y medicamentos recetados. − El panel del médico se actualiza en tiempo real con nuevas citas o cancelaciones.
A15: Pie de pagina | B15: HU58 | C15: Mostrar pie de página con información esencial en cada sección | D15: Como paciente Quiero que en cada sección del sistema se muestre un pie de página con la información esencial de la institución Para tener a la mano datos importantes sin importar dónde esté en el sistema. | E15: − El pie de página se muestra de forma consistente en todas las secciones del sistema. − Contiene datos básicos como el nombre de la institución, año y derechos reservados.
A17: Gestión de Notificaciones | B17: HU41 | C17: Recibir recordatorio de cita próxima | D17: Como paciente Quiero recibir una alerta cuando tenga una cita cercana (por ejemplo, un día antes), Para no olvidarla. | E17: - El sistema debe enviar una notificación (por correo o dentro de la plataforma) 24 horas antes de la cita. − Si el paciente tiene la app móvil o el navegador habilitado, también debe mostrarse una notificación push
B18: HU54 | C18: Acceder en todo momento a las notificaciones | D18: Como paciente Quiero tener una opción visible en todo momento para acceder a mis notificaciones, Para estar informado de cualquier novedad del sistema. | E18: - El icono de notificaciones es visible en todas las pantallas del sistema mientras el paciente esté autenticado. − Al hacer clic en el icono, se despliega una lista de notificaciones recientes.
B19: HU55 | C19: Ver información detallada o redirección desde la notificación | D19: Como paciente Quiero poder ver en detalle la información de cada notificación o que me redirija a la sección relacionada Para comprender mejor su contenido. | E19: − Al hacer clic en una notificación, el sistema muestra información detallada o redirige automáticamente a la sección relacionada. − La notificación se marca como leída después de haber sido visualizada o redirigida.
B20: HU56 | C20: Eliminar una notificación individual | D20: Como paciente Quiero tener una opción para eliminar notificaciones individuales (por ejemplo, con un ícono de bote de basura) Para mantener limpia mi bandeja de notificaciones. | E20: - Cada notificación cuenta con un ícono visible (como una papelera) para eliminarla. − Al eliminarla, el sistema actualiza la lista y muestra un mensaje de confirmación.
B21: HU57 | C21: Eliminar todas las notificaciones en una sola acción | D21: Como paciente Quiero tener una opción para eliminar todas mis notificaciones de una sola vez Para ahorrar tiempo y evitar hacerlo una por una. | E21: − El paciente puede hacer clic en un botón “Eliminar todas” para borrar todas sus notificaciones. − El sistema solicita confirmación antes de eliminar todas las notificaciones y muestra un mensaje de éxito tras la acción.
A23: Gestion tecnica | B23: HU04 | C23: Soporte técnico o FAQ | D23: Como paciente Quiero tener acceso a un chat de soporte o una sección de preguntas Frecuentes Para recibir ayuda si tengo problemas usando el sistema. | E23: - Debe existir un enlace visible en el menú o pie de página hacia la sección de ayuda. - Si hay chat, este debe permitir interacción en tiempo real o, en su defecto, dejar un mensaje. - Las FAQ deben estar organizadas por categorías para facilitar la búsqueda de información. - El chat de soporte debe permitir al paciente iniciar una conversación con un agente de soporte. - Debe existir un botón visible etiquetado como “Atención al paciente” o similar. - Al hacer clic, se debe mostrar una lista con los medios disponibles (chat, teléfono, correo, etc.) y su horario de atención. - La información de contacto debe ser precisa y funcional durante los horarios de atención. - Debe existir un formulario accesible desde el menú o la pantalla principal. - Al enviar la queja o sugerencia, el sistema debe mostrar un mensaje de confirmación. - Al enviar el formulario, el paciente debe recibir una confirmación de envío y, opcionalmente, un número de seguimiento. - El sistema debe registrar y notificar al equipo administrativo sobre la nueva queja/reclamo.
B24: HU05 | C24: Reporte de errores técnicos | D24: Como paciente Quiero poder reportar un error técnico desde cualquier pantalla del sistema Para notificar fácilmente si algo no funciona correctamente | E24: − Debe haber un botón visible tipo “Reportar un problema” en todas las vistas del sistema. − Al enviar el reporte, debe mostrarse una notificación de confirmación de envío exitoso.
A27: Perfil | B27: HU51 | C27: Acceder a un menú desplegable con opciones del perfil | D27: Como paciente Quiero tener acceso a un contenedor o menú desplegable desde mi perfil Para gestionar mis opciones personales dentro del sistema. | E27: − El paciente puede hacer clic en su foto o nombre de perfil para desplegar un menú con opciones como "Editar perfil", "Cerrar sesión", entre otras. − El menú desplegable permanece visible hasta que el paciente seleccione una opción o haga clic fuera del menú.
B28: HU52 | C28: Editar mis datos personales desde el perfil | D28: Como paciente Quiero poder modificar mis datos personales (como teléfono, dirección, correo) desde el menú de perfil Para mantener mi información actualizada. | E28: - El paciente puede acceder a un formulario desde el menú de perfil para modificar datos como teléfono, dirección y correo electrónico. - Al guardar los cambios, el sistema actualiza la información y muestra un mensaje de confirmación. - El sistema debe validar la nueva contraseña con una política de seguridad mínima (mínimo 8 caracteres, una mayúscula, un símbolo). - El usuario debe recibir una notificación de cambio exitoso.
B29: HU53 | C29: Cerrar sesión desde el menú de perfil | D29: Como paciente Quiero poder cerrar sesión desde el contenedor del perfil Para finalizar mi actividad de forma segura. | E29: - El paciente puede seleccionar la opción "Cerrar sesión" desde el menú desplegable del perfil. - Al cerrar sesión, el sistema redirige automáticamente a la página de inicio de sesión. - Al cerrar sesión, el sistema muestra un mensaje como "Sesión cerrada exitosamente". - El mensaje desaparece automáticamente después de unos segundos o al hacer clic en "Aceptar". 'Epicas'
A31: Notificaciones | B31: HU07 | C31: Configuración de notificaciones | D31: Como paciente Quiero poder elegir qué tipo de notificaciones deseo recibir (correo) Para evitar recibir información no deseada. | E31: − Debe existir una opción en el perfil del paciente para seleccionar los canales de notificación. − Las preferencias deben guardarse correctamente y respetarse al momento de enviar notificaciones.
A33: Atención al usuario | B33: HU15 | C33: Instrucciones o videotutoriales | D33: Como paciente Quiero acceder a una sección con instrucciones o videotutoriales sobre el uso del sistema Para aprender cómo navegar correctamente por la plataforma. | E33: − Debe haber una opción visible llamada “¿Cómo usar el sistema?” o similar. − Al ingresar, deben mostrarse al menos tres recursos (videos, guías escritas, preguntas frecuentes). − Los tutoriales deben ser claros, concisos y fáciles de entender, con una duración máxima de 2-3 minutos por video.
A35: Alertas | B35: HU18 | C35: Alerta por página no disponible | D35: Como paciente Quiero que el sistema me muestre una notificación si accedo a una página inexistente o rota Para poder volver fácilmente al inicio o a una sección válida | E35: − Al acceder a una ruta inválida, debe mostrarse una página 404 amigable con un botón para volver al inicio. − El mensaje debe incluir un texto claro como “Página no encontrada”. − Debe incluir un enlace claro para regresar a la página de inicio o a la última página visitada.
B36: HU34 | C36: Alerta por error técnico al cargar médicos | D36: Como paciente Quiero que el sistema me notifique si no puede cargar la lista de médicos disponibles, Para saber que hay un problema técnico. | E36: −Si ocurre un error de carga, debe mostrarse un mensaje como “No se pudo cargar la lista de médicos. Intenta nuevamente más tarde.” − El sistema debe ofrecer la opción de recargar o regresar a los filtros.
A38: Novedades | B38: HU14 | C38: Visualizar novedades institucionales | D38: Como paciente Quiero ver un apartado con noticias, novedades, proyectos, tutoriales y otras actividades relacionadas con la institución médica Para mantenerme informado. | E38: − Debe mostrarse una sección destacada en la pantalla principal con las últimas 5 noticias o novedades. − Cada ítem debe incluir título, fecha y un resumen o enlace para más información. − Cada noticia debe ser clicable para ver el contenido completo en una nueva vista o modal.
B39: HU17 | C39: Mensaje ante error de carga de noticias | D39: Como paciente Quiero que el sistema me muestre un mensaje si las noticias o novedades no se pueden cargar Para saber que no es un error de mi dispositivo. | E39: − Si hay error en la carga de noticias, debe aparecer un mensaje como “No se pueden mostrar las novedades en este momento”. − El sistema debe intentar recargar automáticamente la sección cada cierto tiempo o permitir al usuario hacerlo manualmente.
A41: Navegacion | B41: HU16 | C41: Navegación con miga de pan | D41: Como paciente Quiero poder navegar a través del sistema utilizando una miga de pan Para saber en qué sección me encuentro y regresar fácilmente a una anterior. | E41: − En cada página interna del sistema, debe mostrarse la miga de pan con la ruta actual. − Cada elemento debe ser clickeable y llevar correctamente a su respectiva sección. − Al hacer clic en cualquier parte de la miga de pan, el usuario debe ser llevado a esa sección anterior de forma correcta.
A43: Calendario | B43: HU19 | C43: Visualizar calendario para agendar citas | D43: Como paciente Quiero acceder a un calendario donde pueda ver los días disponibles Para seleccionar cuándo deseo agendar una cita médica. | E43: − El calendario debe mostrar los días del mes actual y permitir avanzar a meses siguientes. − Los días disponibles deben estar marcados visualmente (por ejemplo, en verde) y los ocupados en gris. − El calendario debe ser interactivo y permitir la navegación entre meses/años.
B44: HU20 | C44: Ver días ocupados en el calendario | D44: Como paciente Quiero ver qué días ya están totalmente ocupados Para evitar seleccionar días sin disponibilidad. | E44: − Los días ocupados deben estar deshabilitados o con un ícono que indique que no hay horarios disponibles. − Si se intenta hacer clic en un día sin disponibilidad, debe aparecer un mensaje informativo.
B45: HU25 | C45: Visualizar horarios no disponibles | D45: Como paciente Quiero que se me muestren claramente los horarios ya tomados Para no intentar agendar en ellos. | E45: − Los horarios no disponibles deben aparecer en gris, tachados o deshabilitados. − El sistema no debe permitir agendar una cita en una hora ya ocupada.
A47: Citas automaticas | B47: HU21 | C47: Agendamiento automático de citas | D47: Como paciente Quiero tener una opción para que el sistema asigne automáticamente una cita disponible según mis preferencias Para ahorrar tiempo. | E47: − El sistema debe permitir seleccionar filtros previos como especialidad y sede antes de asignar automáticamente. − Al generar la cita automática, debe mostrarse un resumen con la opción de confirmarla o rechazarla.
A49: Gestion de citas | B49: HU22 | C49: Filtrar citas por especialidad médica | D49: Como paciente Quiero poder filtrar las citas por especialidad médica Para encontrar más fácilmente al profesional que necesito. | E49: − Debe haber un campo desplegable con la lista de especialidades disponibles. − Al seleccionar una especialidad, deben mostrarse únicamente los médicos que la ofrecen.
B50: HU23 | C50: Selección de hora en un día específico | D50: Como paciente Quiero elegir la hora exacta en la que deseo agendar mi cita Para ajustarla a mi disponibilidad. | E50: − Una vez seleccionado un día, debe desplegarse una lista con los horarios disponibles. − Las horas ocupadas deben estar deshabilitadas o marcadas como no seleccionables.
B51: HU24 | C51: Filtro por ubicación o sede | D51: Como paciente Quiero poder elegir la sede donde quiero recibir atención médica Para escoger la más cercana o conveniente. | E51: − Debe mostrarse una lista de sedes disponibles al momento de agendar. − Al seleccionar una sede, deben filtrarse los médicos y horarios correspondientes a esa sede.
B52: HU26 | C52: Definir rango de horas para buscar médicos | D52: Como paciente Quiero establecer un rango de horas en el que deseo ser atendido Para que el sistema me sugiera médicos dentro de ese horario. | E52: − Debe existir una opción para ingresar un rango de horas (ej. de 8:00 a 11:00 a.m.). − Al aplicar el rango, solo deben mostrarse las opciones de cita que estén dentro de ese intervalo.
B53: HU35 | C53: Cancelar o reprogramar cita | D53: Como paciente Quiero poder cancelar o reprogramar una cita ya agendada Para ajustarla a mis imprevistos o cambios de agenda. | E53: − Debe haber un botón de “Modificar cita” en la sección de historial. − Si la reprogramación se hace con menos de 24 horas de anticipación, debe mostrarse una advertencia o bloquear la acción según política.
A55: Gestion de medicos | B55: HU30 | C55: Ver médicos disponibles después de agendar | D55: Como paciente Quiero que, al completar la información inicial para la cita, el sistema me muestre los médicos disponibles Para seleccionar el que prefiera. | E55: − Una vez elegidos los filtros (fecha, sede, especialidad), deben mostrarse los perfiles de los médicos disponibles. − Cada perfil debe incluir nombre, especialidad y horario de atención.
B56: HU31 | C56: Visualizar perfil del médico | D56: Como paciente Quiero acceder al perfil de un médico antes de seleccionarlo Para conocer más sobre su formación y especialidad. | E56: − Cada médico en la lista debe tener un botón de “Ver perfil”. − El perfil debe mostrar nombre, estudios, especialidad y tipo de atención que ofrece.
B57: HU32 | C57: Seleccionar médico preferido | D57: Como paciente Quiero poder seleccionar al médico que más se ajuste a mis necesidades, y confirmar mi elección con un mensaje claro. | E57: − Al seleccionar un médico, debe mostrarse una ventana emergente confirmando que se ha asignado correctamente. − El sistema debe guardar la relación cita-médico en el historial del paciente.
A59: Gestión de horarios | B59: HU06 | C59: Modificar horarios de médicos | D59: Como administrador Quiero poder modificar horarios a los médicos Para que los mismos sepan las modificaciones o actualizaciones sobre el horario | E59: - Debe existir una vista de calendario editable para cada médico registrado. - Los cambios en la disponibilidad deben reflejarse inmediatamente en el módulo de agendamiento. - Debe existir un apartado para realizar modificaciones a los médicos - Debe existir otro apartado para agregar horarios a médicos - Deben existir médicos registrados - Debe existir una opción al lado del listado de médicos llamada como “Asignar” - Debe permitir establecer un horario con un rango a determinar - Deben existir opciones de hora de inicio y hora de finalización - Debe haber la opción para establecer los días a recibir un horario de trabajo - Debe existir una opción que permita confirmar la acción, titulada “Confirmar” - Debe salir un mensaje de verificación mencionando que la asignación fue exitosa - Debe existir médicos con horarios asignados - Debe existir una opción al lado del listado de médicos titulada “Modificar” - Debe permitir modificar el rango y días de horarios que tenga el médico asignado previamente - Debe incluir una opción que permita enviar la modificación, llamada “Confirmar” - Debe mostrar un mensaje de verificación que la modificación fue existosa.
B60: HU27 | C60: Control de horarios según jornada laboral | D60: Como administrador Quiero que el sistema valide que las citas solo se puedan agendar dentro del horario laboral Para evitar reservas fuera del tiempo permitido. | E60: − El sistema debe bloquear automáticamente horas fuera del rango establecido (ej. antes de las 7:00 a.m. o después de las 6:00 p.m.). − El administrador debe poder configurar y modificar el horario laboral desde el panel de control.
B61: HU28 | C61: Recibir notificación de nueva cita agendada | D61: Como administrador Quiero que se registre cada nueva cita agendada por los pacientes Para llevar control del flujo de atención médica. | E61: − Cada vez que un paciente agenda una cita, debe crearse un registro con la información básica de la misma. − El administrador debe poder ver un resumen diario o semanal de las citas programadas.
A63: Hora prioritaria | B63: HU33 | C63: Encontrar primera hora disponible | D63: Como paciente Quiero una opción que me permita ver rápidamente la primera hora disponible según filtros Para agendar más eficientemente. | E63: - Debe haber un botón que diga “Buscar primera hora disponible”. - Al usarlo, el sistema debe buscar automáticamente la combinación más próxima de fecha, hora y médico. - Antes de confirmar, el sistema debe validar en tiempo real si el horario sigue disponible. - Si no está disponible, debe aparecer un mensaje que sugiera otras horas cercanas. - El sistema debe validar que los campos: fecha, sede, especialidad y médico estén completos. - Si falta algún dato, debe marcarlo en rojo y mostrar un mensaje explicativo.
A65: Validacion de citas | B65: HU29 | C65: Confirmación de solicitud de cita | D65: Como paciente Quiero que, al finalizar la solicitud de cita, el sistema me muestre una ventana emergente de confirmación Para asegurarme de que el proceso fue exitoso. | E65: − Al hacer clic en “Agendar cita”, debe mostrarse una notificación con el mensaje “Cita agendada exitosamente”. − Debe aparecer un resumen con la fecha, hora, médico y sede de la cita.
A67: Certificado | B67: HU08 | C67: Comprobante de cita | D67: Como paciente Quiero poder descargar o imprimir un comprobante de mi cita médica Para tenerlo disponible si me lo solicitan o lo necesito. | E67: − Al agendar una cita, debe mostrarse un botón para generar el comprobante en PDF. − El comprobante debe incluir al menos: nombre del paciente, fecha y hora de la cita, médico y especialidad.
A69: Mi planilla | B69: HU39 | C69: Acceder al perfil del médico desde una cita | D69: Como paciente Quiero poder acceder al perfil del médico con quien tengo o tuve la cita Para conocer más sobre su experiencia. | E69: − Cada cita debe tener un botón de “Ver perfil del médico” o un ícono que lo indique. − El perfil debe abrirse en una ventana emergente o redirigir a una nueva página sin perder el historial.
B70: HU40 | C70: Redirigir desde “Citas próximas” al agendamiento | D70: Como paciente Quiero que desde la sección de “Citas próximas” exista una opción para agendar una nueva cita Para facilitar la navegación del sistema. | E70: − Debe haber un botón llamado “Agendar nueva cita” visible en la sección de “Citas próximas”. − Al hacer clic, debe redirigir automáticamente al módulo de agendamiento con filtros limpios.
A72: Gestion de mi planilla | B72: HU36 | C72: Visualizar historial completo de citas | D72: Como paciente Quiero ver todas las citas que he tomado y las que tengo programadas Para llevar un control de mi atención médica. | E72: − La sección debe mostrar una lista dividida en “Citas próximas” y “Citas pasadas”. − Cada entrada debe contener fecha, hora, tipo de cita y nombre del médico.
B73: HU37 | C73: Filtrar citas por estado (tomadas o pendientes) | D73: Como paciente Quiero tener una opción para filtrar entre citas ya tomadas y las que están programadas Para facilitar la revisión de mi historial. | E73: − Debe existir un filtro o pestañas para cambiar entre “Citas pasadas” y “Citas próximas”. − El sistema debe mantener el estado del filtro seleccionado al navegar por esta sección.
B74: HU38 | C74: Ver información detallada de cada cita | D74: Como paciente Quiero que cada cita en la lista incluya información detallada como fecha, hora, médico y tipo de atención Para saber en qué consiste. | E74: − Cada ítem debe mostrar la información clave directamente en la lista o al desplegar un resumen. − Debe incluir al menos: nombre del médico, especialidad, sede, tipo de cita (presencial/virtual).
B75: HU42 | C75: Modificar o reprogramar una cita | D75: Como paciente Quiero tener la opción de modificar o reprogramar una cita desde la sección de “Citas próximas” Para ajustarla si se me presenta un imprevisto. | E75: - Cada cita próxima debe tener un botón de “Modificar”. - Al modificar, debe abrirse un formulario similar al de agendamiento que permita seleccionar nueva fecha y hora. - Si la cita está a menos de 24 horas, la opción para modificar debe estar desactivada. - Debe mostrarse un mensaje explicativo como “Solo puedes modificar citas con al menos 24 horas de anticipación”.
A77: Familiares | B77: HU43 | C77: Agregar un familiar con instrucciones claras | D77: Como paciente Quiero tener la opción de registrar a un familiar con indicaciones claras sobre cómo hacerlo Para vincular a las personas que deseo que estén informadas sobre mis procesos médicos. | E77: − Debe haber un botón de “Agregar familiar” visible, acompañado de un mensaje de ayuda o instructivo. − Al hacer clic, debe mostrarse un formulario para ingresar nombre, correo electrónico y tipo de relación. − Debe salir una opción titulada “Agregar”, para agregar la información del familiar al sistema
B78: HU44 | C78: Configurar tipo de información que recibe un familiar | D78: Como paciente Quiero elegir qué tipo de información puede recibir un familiar registrado (ej. citas, medicamentos) Para mantener el control sobre mi privacidad. | E78: − El formulario de registro de familiar debe incluir un selector de categorías de información autorizadas. − Debe ser posible modificar esta configuración en cualquier momento desde el perfil del familiar. − El sistema debe garantizar que el familiar solo pueda acceder y visualizar la información para la cual el paciente ha otorgado permiso explícitamente
B79: HU45 | C79: Editar o eliminar un familiar existente | D79: Como paciente Quiero tener opciones para editar o eliminar un familiar registrado Para mantener actualizada y controlada la lista de personas asociadas a mi cuenta. | E79: - Deben existir familiares registrados o agregados - Junto a cada familiar listado, debe haber un icono (ej. tres puntos verticales/horizontales, icono de lápiz) que al hacer clic despliegue un menú de opciones. - Cada familiar debe tener un menú (ícono de tres puntos o similar) con opciones para “Editar” y “Eliminar”. - Al seleccionar “Editar”, debe abrirse un formulario con los datos actuales para modificar. - Al seleccionar “Eliminar”, debe mostrarse un mensaje de confirmación antes de ejecutar la acción. - Deben existir familiares agregados. - Luego de guardar los cambios, debe mostrarse un mensaje como “Familiar agregado/modificado exitosamente”. - La lista de familiares debe actualizarse automáticamente sin necesidad de recargar la página.
A81: Gestion de familiares | B81: HU46 | C81: Validar si un correo ya está registrado por otro familiar | D81: Como paciente Quiero recibir una advertencia si intento registrar a un familiar con un correo ya asociado a otra cuenta Para evitar errores o duplicados. | E81: − El sistema debe validar automáticamente el correo al ingresarlo en el formulario. − Si el correo ya está en uso, debe mostrarse un mensaje como “Este correo ya está asociado a otro usuario”
A83: Indicaciones medicas | B83: HU47 | C83: Visualizar indicaciones asignadas por el médico | D83: Como paciente Quiero poder visualizar las indicaciones médicas registradas por el profesional de salud tras una cita, como medicamentos o exámenes Para saber con claridad qué debo hacer. | E83: − Debe haber tomado una cita previa − Cada indicación debe mostrar su tipo (medicamento, estudio, recomendación general), fecha, y nombre del médico. − Las indicaciones deben estar organizadas por fecha de cita o estado (pendientes, completadas).
B84: HU48 | C84: Activar recordatorios personalizados de indicaciones | D84: Como paciente Quiero poder activar notificaciones a partir de un horario definido por mí Para recordar cuándo tomar medicamentos o realizar actividades médicas. | E84: − Debe existir una opción en cada indicación para configurar recordatorios con hora y frecuencia. − El sistema debe enviar notificaciones (por correo, app o web push) en los horarios establecidos.
B85: HU49 | C85: Ser notificado si no hay indicaciones médicas asignadas | D85: Como paciente Quiero recibir una notificación clara si el médico aún no ha registrado indicaciones tras una cita Para saber que no es un error del sistema. | E85: − Si el paciente consulta una cita sin indicaciones, debe aparecer un mensaje como “Aún no se han registrado indicaciones para esta cita”. − La notificación debe diferenciar entre una falta de asignación y un error del sistema.
B86: HU50 | C86: Marcar indicaciones como completadas | D86: Como paciente Quiero poder marcar una indicación como “completada” o “hecha” Para llevar un registro de mi cumplimiento del tratamiento. | E86: − Cada indicación debe tener un botón o casilla para marcarla como realizada. − Al marcar una indicación, esta debe cambiar de estado visual (por ejemplo, tachada o con ícono de check).
A88: Gestion de usuarios | B88: HU59 | C88: Registro de nuevo usuario | D88: Como administrador Quiero una sección para poder agregar usuarios (medicos, pacientes, y administradores) | E88: - El formulario debe solicitar como mínimo: Rol, tipo y número de documento, nombre, apellido, teléfono, género, correo electrónico, contraseña y confirmación de contraseña y si coloca que es medico se le agrega especialiad y hospital. - El botón de "Registrarme" debe estar deshabilitado hasta que todos los campos obligatorios estén diligenciados y se acepten los términos y condiciones. - El usuario debe marcar la casilla de aceptación de términos y condiciones para completar el registro. - Cada campo debe mostrar retroalimentación inmediata si el valor ingresado no cumple con el formato esperado (por ejemplo, correo mal escrito). - Los mensajes de error deben ser claros y específicos para cada campo. - No se permite enviar el formulario si hay errores de validación sin corregir, y se le indica al usuario qué campos debe revisar. - La contraseña debe tener mínimo 8 caracteres, al menos una mayúscula, un número y un símbolo. - Si no cumple con los requisitos, debe mostrarse un mensaje de advertencia y no permitir el registro

Sheet Product Backlog
A1: # | B1: Historia de Usuario | C1: Valor para el negocio (1-5) | D1: Puntos de Historia | E1: Clasificación KANO | F1: Prioridad (Alta, Media o Baja)
A2: HU01 | B2: Como paciente Quiero que el sistema tenga categorías claras en el menú Para poder navegar fácilmente sin perderme. | C2: 10 | D2: 3 | E2: Must-be | F2: Alta
A3: HU02 | B3: Como paciente Quiero ver un panel principal con un resumen de mis próximas citas, indicaciones médicas y notificaciones recientes Para tener un panorama general desde que ingreso al sistema. | C3: 8 | D3: 5 | E3: Performance | F3: Media
A4: HU03 | B4: Como médico Quiero contar con un panel donde pueda visualizar mis citas del día y acceder al historial médico de cada paciente agendado Para preparar mejor mi jornada laboral. | C4: 10 | D4: 5 | E4: Must-be | F4: Alta
A5: HU04 | B5: Como paciente Quiero tener acceso a un chat de soporte o una sección de preguntas Frecuentes Para recibir ayuda si tengo problemas usando el sistema. | C5: 6 | D5: 3 | E5: Delighter | F5: Baja
A6: HU05 | B6: Como paciente Quiero poder reportar un error técnico desde cualquier pantalla del sistema Para notificar fácilmente si algo no funciona correctamente | C6: 6 | D6: 5 | E6: Must-be | F6: Media
A7: HU06 | B7: Como administrador Quiero poder modificar horarios a los médicos Para que los mismos sepan las modificaciones o actualizaciones sobre el horario | C7: 8 | D7: 5 | E7: Must-be | F7: Alta
A8: HU07 | B8: Como paciente Quiero poder elegir qué tipo de notificaciones deseo recibir (correo) Para evitar recibir información no deseada. | C8: 6 | D8: 5 | E8: Delighter | F8: Baja
A9: HU08 | B9: Como paciente Quiero poder descargar o imprimir un comprobante de mi cita médica Para tenerlo disponible si me lo solicitan o lo necesito. | C9: 7 | D9: 5 | E9: Performance | F9: Media
A10: HU09 | B10: Como paciente Quiero registrarme mediante un formulario que solicite mis datos personales y de contacto, incluyendo aceptación de términos y condiciones Para poder acceder al sistema con una cuenta propia. | C10: 10 | D10: 5 | E10: Must-be | F10: Alta
A11: HU10 | B11: Como paciente Quiero ser notificado si intento registrar una cuenta con un correo ya existente Para saber que debo iniciar sesión en lugar de crear una nueva cuenta. | C11: 7 | D11: 2 | E11: Performance | F11: Media
A12: HU11 | B12: Como paciente Quiero recibir un mensaje claro si al intentar iniciar sesión el servidor está caído o hay un problema técnico Para saber que el error no es mío. | C12: 6 | D12: 5 | E12: Performance | F12: Baja
A13: HU12 | B13: Como paciente Quiero poder iniciar sesión en el sistema utilizando mi correo y mi contraseña Para acceder a mi perfil y funcionalidades del sistema médico. | C13: 10 | D13: 2 | E13: Must-be | F13: Alta
... A60: HU59 | B60: Como administrador Quiero una sección para poder agregar usuarios (medicos, pacientes, y administradores) | C60: 5 | D60: 2 | E60: Must-be | F60: Alta

Sheet Product Backlog - Destacadas
A1: # | B1: Historia de Usuario | C1: Valor para el negocio (1-5) | D1: Puntos de Historia | E1: Clasificación KANO | F1: Prioridad (Alta, Media o Baja)
A2: HU01 | B2: Como paciente Quiero que el sistema tenga categorías claras en el menú (como “Inicio”, “Agendamiento de citas”, “Mi planilla”, “Familiares”, “Indicaciones médicas”, “Configuración”) Para poder navegar fácilmente sin perderme. | C2: 10 | D2: 3 | E2: Must-be | F2: Alta
A3: HU02 | B3: Como paciente Quiero ver un panel principal con un resumen de mis próximas citas, indicaciones médicas y notificaciones recientes Para tener un panorama general desde que ingreso al sistema. | C3: 8 | D3: 5 | E3: Performance | F3: Media
A4: HU03 | B4: Como médico Quiero contar con un panel donde pueda visualizar mis citas del día y acceder al historial médico de cada paciente agendado Para preparar mejor mi jornada laboral. | C4: 10 | D4: 5 | E4: Must-be | F4: Alta
A5: HU04 | B5: Como paciente Quiero tener acceso a un chat de soporte o una sección de preguntas Frecuentes Para recibir ayuda si tengo problemas usando el sistema. | C5: 6 | D5: 3 | E5: Delighter | F5: Baja
A6: HU05 | B6: Como paciente Quiero poder reportar un error técnico desde cualquier pantalla del sistema Para notificar fácilmente si algo no funciona correctamente | C6: 6 | D6: 5 | E6: Must-be | F6: Media
A7: HU06 | B7: Como administrador Quiero poder modificar horarios a los médicos Para que los mismos sepan las modificaciones o actualizaciones sobre el horario | C7: 8 | D7: 5 | E7: Must-be | F7: Alta
A8: HU07 | B8: Como paciente Quiero poder elegir qué tipo de notificaciones deseo recibir (correo) Para evitar recibir información no deseada. | C8: 6 | D8: 5 | E8: Delighter | F8: Baja
A9: HU08 | B9: Como paciente Quiero poder descargar o imprimir un comprobante de mi cita médica Para tenerlo disponible si me lo solicitan o lo necesito. | C9: 7 | D9: 5 | E9: Performance | F9: Media
A10: HU09 | B10: Como paciente Quiero registrarme mediante un formulario que solicite mis datos personales y de contacto, incluyendo aceptación de términos y condiciones Para poder acceder al sistema con una cuenta propia. | C10: 10 | D10: 5 | E10: Must-be | F10: Alta
A11: HU10 | B11: Como paciente Quiero ser notificado si intento registrar una cuenta con un correo ya existente Para saber que debo iniciar sesión en lugar de crear una nueva cuenta. | C11: 7 | D11: 2 | E11: Performance | F11: Media
A12: HU11 | B12: Como paciente Quiero recibir un mensaje claro si al intentar iniciar sesión el servidor está caído o hay un problema técnico Para saber que el error no es mío. | C12: 6 | D12: 5 | E12: Performance | F12: Baja
A13: HU12 | B13: Como paciente Quiero poder iniciar sesión en el sistema utilizando mi correo y mi contraseña Para acceder a mi perfil y funcionalidades del sistema médico. | C13: 10 | D13: 2 | E13: Must-be | F13: Alta
... A60: HU59 | B60: Como administrador Quiero una sección para poder agregar usuarios (medicos, pacientes, y administradores) | C60: 5 | D60: 4 | E60: Must-be | F60: Alta

Sheet Capacidad y Velocidad Equipo
A1: Rol- Perfil | B1: Número Integrantes | C1: Horas diarias | D1: Duración del Sprint | E1: Horas disponibles | F1: Horas Productivas (80%)
A2: Frontend (Juliana) | B2: 1 | C2: 6 | D2: 5 | E2: =C2*D2*B2 -> 30 | F2: =E2*0.8 -> 24
A3: Diseñador (Sofía) | B3: 1 | C3: 6 | D3: 5 | E3: =C3*D3*B3 -> 30 | F3: =E3*0.8 -> 24
A4: Backend (Gerson) | B4: 1 | C4: 6 | D4: 5 | E4: =C4*D4*B4 -> 30 | F4: =E4*0.8 -> 24
A5: QA (Andrés) | B5: 1 | C5: 7 | D5: 5 | E5: =C5*D5*B5 -> 35 | F5: =E5*0.8 -> 28
D6: Capacidad total horas efectiva del sprint | F6: =SUM(F2:F5) -> 100
D7: Velocidad (puntos de historia) | F7: =F6/4 -> 25
A8: Duración del Sprint
A9: 1 semana (5 días hábiles)
A10: 2 semanas (10 días laborables).
A13: Horas disponibles
A14: Cada persona trabaja 8 horas diarias x 5 días = 40 horas por persona x % productividad
A15: Disponibilidad diaria promedio por persona: 6 horas efectivas (considerando reuniones, soporte, etc.).
A17: 6 - 7h × 80% = 6.4 horas efectivas de desarrollo por persona al día
A18: 6.4 horas diarias por persona se irán en actividades necesarias pero no directamente vinculadas a avanzar tareas del Product Backlog.
A19: Reuniones (daily, planning, review, retrospectiva)
A20: Coordinaciones internas
A21: Consultas o bloqueos
A22: Tiempos de espera (por validaciones, revisiones, etc.)
... A29: Velocidad = (Horas disponibles por sprint) ÷ (Horas por punto de historia)

Sheet Sprint Backlog - Antiguo
A1: Sprint | B1: Objetivo | C1: Fecha Inicio | D1: Fecha Fin | E1: ID HU | F1: Historia de Usuario | G1: Puntos de Historia | H1: Prioridad
A2: Sprint 1 | B2: Formulario de registro | C2: Lun 23 jun | D2: Mar 24 jun | E2: HU09 | F2: Como paciente Quiero registrarme mediante un formulario que solicite mis datos personales y de contacto, incluyendo aceptación de términos y condiciones Para poder acceder al sistema con una cuenta propia. | G2: 5 | H2: Alta
B3: Formulario de inicio de sesion | C3: Mar 24 jun | D3: Mar 24 jun | E3: HU12 | F3: Como paciente Quiero poder iniciar sesión en el sistema utilizando mi correo y mi contraseña Para acceder a mi perfil y funcionalidades del sistema médico. | G3: 2 | H3: Alta
C4: Mar 24 jun | D4: Mie 25 jun | E4: HU13 | F4: Como paciente Quiero contar con una opción para recuperar mi contraseña en caso de olvidarla Para poder restablecer mi acceso al sistema. | G4: 5 | H4: Alta
C5: Mie 25 jun | D5: Jue 26 jun | E5: HU11 | F5: Como paciente Quiero recibir un mensaje claro si al intentar iniciar sesión el servidor está caído o hay un problema técnico Para saber que el error no es mío. | G5: 5 | H5: Baja
B6: Validaciones de formularios | C6: Jue 26 jun | D6: Vie 27 jun | E6: HU10 | F6: Como paciente Quiero ser notificado si intento registrar una cuenta con un correo ya existente Para saber que debo iniciar sesión en lugar de crear una nueva cuenta. | G6: 2 | H6: Media
F7: Total de puntos Sprint 1 | G7: =G2+G3+G4+G5+G6 -> 19
A9: Sprint | B9: Objetivo | C9: Fecha Inicio | D9: Fecha Fin | E9: ID HU | F9: Historia de Usuario | G9: Puntos de Historia | H9: Prioridad
A10: Sprint 2 | B10: Menu | C10: Lun 30 jun | D10: Lun 30 jun | E10: HU01 | F10: Como paciente Quiero que el sistema tenga categorías claras en el menú (como “Inicio”, “Agendamiento de citas”, “Mi planilla”, “Familiares”, “Indicaciones médicas”, “Configuración”) Para poder navegar fácilmente sin perderme. | G10: 3 | H10: Alta
B11: Panel principal | C11: Lun 30 jun | D11: Mar 1 jul | E11: HU02 | F11: Como paciente Quiero ver un panel principal con un resumen de mis próximas citas, indicaciones médicas y notificaciones recientes Para tener un panorama general desde que ingreso al sistema. | G11: 5 | H11: Media
C12: Mar 1 jul | D12: Mie 2 jul | E12: HU03 | F12: Como médico Quiero contar con un panel donde pueda visualizar mis citas del día y acceder al historial médico de cada paciente agendado Para preparar mejor mi jornada laboral. | G12: 5 | H12: Alta
B13: Pie de pagina | C13: Mie 2 jul | D13: Mie 2 jul | E13: HU58 | F13: Como paciente Quiero que en cada sección del sistema se muestre un pie de página con la información esencial de la institución Para tener a la mano datos importantes sin importar dónde esté en el sistema. | G13: 2 | H13: Baja
B14: Gestión de Notificaciones | C14: Mie 2 jul | D14: Vie 4 jul | E14: HU41 | F14: Como paciente Quiero recibir una alerta cuando tenga una cita cercana (por ejemplo, un día antes), Para no olvidarla. | G14: 8 | H14: Media
F15: Total de puntos Sprint 2 | G15: =G10+G11+G12+G13+G14 -> 23
A17: Sprint | B17: Objetivo | C17: Fecha Inicio | D17: Fecha Fin | E17: ID HU | F17: Historia de Usuario | G17: Puntos de Historia | H17: Prioridad
A18: Sprint 3 | B18: Gestión de Notificaciones | C18: Lun 7 jul | D18: Lun 7 jul | E18: HU54 | F18: Como paciente Quiero tener una opción visible en todo momento para acceder a mis notificaciones, Para estar informado de cualquier novedad del sistema. | G18: 2 | H18: Baja
C19: Lun 7 jul | D19: Mie 9 jul | E19: HU55 | F19: Como paciente Quiero poder ver en detalle la información de cada notificación o que me redirija a la sección relacionada Para comprender mejor su contenido. | G19: 8 | H19: Baja
C20: Mie 9 jul | D20: Mie 9 jul | E20: HU56 | F20: Como paciente Quiero tener una opción para eliminar notificaciones individuales (por ejemplo, con un ícono de bote de basura) Para mantener limpia mi bandeja de notificaciones. | G20: 3 | H20: Baja
C21: Mie 9 jul | D21: Jue 10 jul | E21: HU57 | F21: Como paciente Quiero tener una opción para eliminar todas mis notificaciones de una sola vez Para ahorrar tiempo y evitar hacerlo una por una. | G21: 2 | H21: Baja
B22: Gestion tecnica | C22: Jue 10 jul | D22: Jue 10 jul | E22: HU04 | F22: Como paciente Quiero tener acceso a un chat de soporte o una sección de preguntas Frecuentes Para recibir ayuda si tengo problemas usando el sistema. | G22: 3 | H22: Baja
C23: Jue 10 jul | D23: Vie 11 jul | E23: HU05 | F23: Como paciente Quiero poder reportar un error técnico desde cualquier pantalla del sistema Para notificar fácilmente si algo no funciona correctamente | G23: 5 | H23: Media
F24: Total de puntos Sprint 3 | G24: =G18+G19+G20+G21+G22+G23 -> 23
A26: Sprint | B26: Objetivo | C26: Fecha Inicio | D26: Fecha Fin | E26: ID HU | F26: Historia de Usuario | G26: Puntos de Historia | H26: Prioridad
A27: Sprint 4 | B27: Perfil | C27: Lun 14 jul | D27: Lun 14 jul | E27: HU51 | F27: Como paciente Quiero tener acceso a un contenedor o menú desplegable desde mi perfil Para gestionar mis opciones personales dentro del sistema. | G27: 3 | H27: Media
C28: Lun 14 jul | D28: Mar 15 jul | E28: HU52 | F28: Como paciente Quiero poder modificar mis datos personales (como teléfono, dirección, correo) desde el menú de perfil Para mantener mi información actualizada. | G28: 5 | H28: Baja
C29: Mar 15 jul | D29: Mie 16 jul | E29: HU53 | F29: Como paciente Quiero poder cerrar sesión desde el contenedor del perfil Para finalizar mi actividad de forma segura. | G29: 3 | H29: Media
B30: Atención al usuario | C30: Mie 16 jul | D30: Jue 17 jul | E30: HU15 | F30: Como paciente Quiero acceder a una sección con instrucciones o videotutoriales sobre el uso del sistema Para aprender cómo navegar correctamente por la plataforma. | G30: 5 | H30: Baja
B31: Notificaciones | C31: Jue 17 jul | D31: Vie 18 jul | E31: HU07 | F31: Como paciente Quiero poder elegir qué tipo de notificaciones deseo recibir (correo) Para evitar recibir información no deseada. | G31: 5 | H31: Baja
F32: Total de puntos Sprint 4 | G32: =G27+G28+G29+G30+G31 -> 21
A34: Sprint | B34: Objetivo | C34: Fecha Inicio | D34: Fecha Fin | E34: ID HU | F34: Historia de Usuario | G34: Puntos de Historia | H34: Prioridad
A35: Sprint 5 | B35: Alertas | C35: Lun 21 jul | D35: Lun 21 jul | E35: HU18 | F35: Como paciente Quiero que el sistema me muestre una notificación si accedo a una página inexistente o rota Para poder volver fácilmente al inicio o a una sección válida | G35: 2 | H35: Baja
C36: Lun 21 jul | D36: Lun 21 jul | E36: HU34 | F36: Como paciente Quiero que el sistema me notifique si no puede cargar la lista de médicos disponibles, Para saber que hay un problema técnico. | G36: 2 | H36: Baja
B37: Novedades | C37: Lun 21 jul | D37: Mar 22 jul | E37: HU14 | F37: Como paciente Quiero ver un apartado con noticias, novedades, proyectos, tutoriales y otras actividades relacionadas con la institución médica Para mantenerme informado. | G37: 5 | H37: Baja
C38: Mar 22 jul | D38: Mar 22 jul | E38: HU17 | F38: Como paciente Quiero que el sistema me muestre un mensaje si las noticias o novedades no se pueden cargar Para saber que no es un error de mi dispositivo. | G38: 2 | H38: Baja
B39: Navegación | C39: Mar 22 jul | D39: Mie 23 jul | E39: HU16 | F39: Como paciente Quiero poder navegar a través del sistema utilizando una miga de pan Para saber en qué sección me encuentro y regresar fácilmente a una anterior. | G39: 2 | H39: Baja
B40: Indicaciones médicas | C40: Mie 23 jul | D40: Mie 23 jul | E40: HU47 | F40: Como paciente Quiero poder visualizar las indicaciones médicas registradas por el profesional de salud tras una cita, como medicamentos o exámenes Para saber con claridad qué debo hacer. | G40: 5 | H40: Alta
C41: Mie 23 jul | D41: Jue 24 jul | E41: HU48 | F41: Como paciente Quiero poder activar notificaciones a partir de un horario definido por mí Para recordar cuándo tomar medicamentos o realizar actividades médicas. | G41: 2 | H41: Alta
C42: Jue 24 jul | D42: Vie 25 jul | E42: HU49 | F42: Como paciente Quiero recibir una notificación clara si el médico aún no ha registrado indicaciones tras una cita Para saber que no es un error del sistema. | G42: 2 | H42: Media
C43: Vie 25 jul | D43: Vie 25 jul | E43: HU50 | F43: Como paciente Quiero poder marcar una indicación como “completada” o “hecha” Para llevar un registro de mi cumplimiento del tratamiento. | G43: 2 | H43: Media
F44: Total de puntos Sprint 5 | G44: =G37+G38+G35+G36+G39+G40+G41+G42+G43 -> 24
A46: Sprint | B46: Objetivo | C46: Fecha Inicio | D46: Fecha Fin | E46: ID HU | F46: Historia de Usuario | G46: Puntos de Historia | H46: Prioridad
A47: Sprint 6 | B47: Calendario | C47: Lun 28 jul | D47: Mar 29 jul | E47: HU19 | F47: Como paciente Quiero acceder a un calendario donde pueda ver los días disponibles Para seleccionar cuándo deseo agendar una cita médica. | G47: 5 | H47: Alta
C48: Mar 29 jul | D48: Mar 29 jul | E48: HU20 | F48: Como paciente Quiero ver qué días ya están totalmente ocupados Para evitar seleccionar días sin disponibilidad. | G48: 3 | H48: Alta
C49: Mar 29 jul | D49: Mar 29 jul | E49: HU25 | F49: Como paciente Quiero que se me muestren claramente los horarios ya tomados Para no intentar agendar en ellos. | G49: 3 | H49: Alta
B50: Citas automaticas | C50: Mie 30 jul | D50: Vie 1 ago | E50: HU21 | F50: Como paciente Quiero tener una opción para que el sistema asigne automáticamente una cita disponible según mis preferencias Para ahorrar tiempo. | G50: 13 | H50: Alta
F51: Total de puntos Sprint 6 | G51: =G47+G48+G49+G50 -> 24
A53: Sprint | B53: Objetivo | C53: Fecha Inicio | D53: Fecha Fin | E53: ID HU | F53: Historia de Usuario | G53: Puntos de Historia | H53: Prioridad
A54: Sprint 7 | B54: Gestion de citas | C54: Lun 4 ago | D54: Mar 5 ago | E54: HU22 | F54: Como paciente Quiero poder filtrar las citas por especialidad médica Para encontrar más fácilmente al profesional que necesito. | G54: 5 | H54: Media
C55: Mar 5 ago | D55: Mie 6 ago | E55: HU23 | F55: Como paciente Quiero elegir la hora exacta en la que deseo agendar mi cita Para ajustarla a mi disponibilidad. | G55: 8 | H55: Alta
C56: Mie 6 ago | D56: Jue 7 ago | E56: HU24 | F56: Como paciente Quiero poder elegir la sede donde quiero recibir atención médica Para escoger la más cercana o conveniente. | G56: 5 | H56: Media
C57: Jue 7 ago | D57: Vie 8 ago | E57: HU35 | F57: Como paciente Quiero poder cancelar o reprogramar una cita ya agendada Para ajustarla a mis imprevistos o cambios de agenda. | G57: 5 | H57: Alta
F58: Total de puntos Sprint 7 | G58: =G54+G55+G56+G57 -> 23
A60: Sprint | B60: Objetivo | C60: Fecha Inicio | D60: Fecha Fin | E60: ID HU | F60: Historia de Usuario | G60: Puntos de Historia | H60: Prioridad
A61: Sprint 8 | B61: Gestion de citas | C61: Lun 11 ago | D61: Mar 12 ago | E61: HU26 | F61: Como paciente Quiero establecer un rango de horas en el que deseo ser atendido Para que el sistema me sugiera médicos dentro de ese horario. | G61: 8 | H61: Media
B62: Gestion de medicos | C62: Mar 12 ago | D62: Mie 13 ago | E62: HU30 | F62: Como paciente Quiero que, al completar la información inicial para la cita, el sistema me muestre los médicos disponibles Para seleccionar el que prefiera. | G62: 5 | H62: Alta
C63: Mie 13 ago | D63: Jue 14 ago | E63: HU31 | F63: Como paciente Quiero acceder al perfil de un médico antes de seleccionarlo Para conocer más sobre su formación y especialidad. | G63: 3 | H63: Media
C64: Jue 14 ago | D64: Vie 15 ago | E64: HU32 | F64: Como paciente Quiero poder seleccionar al médico que más se ajuste a mis necesidades, y confirmar mi elección con un mensaje claro. | G64: 5 | H64: Media
F65: Total de puntos Sprint 8 | G65: =G62+G63+G64+G61 -> 21
A67: Sprint | B67: Objetivo | C67: Fecha Inicio | D67: Fecha Fin | E67: ID HU | F67: Historia de Usuario | G67: Puntos de Historia | H67: Prioridad
A68: Sprint 9 | B68: Gestion de horarios | C68: Lun 18 ago | D68: Mar 19 ago | E68: HU06 | F68: Como administrador Quiero poder modificar horarios a los médicos Para que los mismos sepan las modificaciones o actualizaciones sobre el horario | G68: 5 | H68: Alta
C69: Mar 19 ago | D69: Mie 20 ago | E69: HU27 | F69: Como administrador Quiero que el sistema valide que las citas solo se puedan agendar dentro del horario laboral Para evitar reservas fuera del tiempo permitido. | G69: 5 | H69: Alta
C70: Mie 20 ago | D70: Jue 21 ago | E70: HU28 | F70: Como administrador Quiero que se registre cada nueva cita agendada por los pacientes Para llevar control del flujo de atención médica. | G70: 3 | H70: Alta
B71: Hora prioritaria | C71: Jue 21 ago | D71: Vie 22 ago | E71: HU33 | F71: Como paciente Quiero una opción que me permita ver rápidamente la primera hora disponible según filtros Para agendar más eficientemente. | G71: 5 | H71: Media
B72: Validacion de citas | C72: Vie 22 ago | D72: Vie 22 ago | E72: HU29 | F72: Como paciente Quiero que, al finalizar la solicitud de cita, el sistema me muestre una ventana emergente de confirmación Para asegurarme de que el proceso fue exitoso. | G72: 2 | H72: Media
F73: Total de puntos Sprint 9 | G73: =G68+G69+G70+G71+G72 -> 20
A75: Sprint | B75: Objetivo | C75: Fecha Inicio | D75: Fecha Fin | E75: ID HU | F75: Historia de Usuario | G75: Puntos de Historia | H75: Prioridad
A76: Sprint 10 | B76: Certificado | C76: Lun 25 ago | D76: Mar 26 ago | E76: HU08 | F76: Como paciente Quiero poder descargar o imprimir un comprobante de mi cita médica Para tenerlo disponible si me lo solicitan o lo necesito. | G76: 5 | H76: Media
B77: Mi planilla | C77: Mar 26 ago | D77: Mar 26 ago | E77: HU39 | F77: Como paciente Quiero poder acceder al perfil del médico con quien tengo o tuve la cita Para conocer más sobre su experiencia. | G77: 1 | H77: Media
C78: Mar 26 ago | D78: Mar 26 ago | E78: HU40 | F78: Como paciente Quiero que desde la sección de “Citas próximas” exista una opción para agendar una nueva cita Para facilitar la navegación del sistema. | G78: 1 | H78: Media
B79: Gestion de mi planilla | C79: Mar 26 ago | D79: Mie 27 ago | E79: HU36 | F79: Como paciente Quiero ver todas las citas que he tomado y las que tengo programadas Para llevar un control de mi atención médica. | G79: 3 | H79: Alta
C80: Mie 27 ago | D80: Mie 27 ago | E80: HU37 | F80: Como paciente Quiero tener una opción para filtrar entre citas ya tomadas y las que están programadas Para facilitar la revisión de mi historial. | G80: 3 | H80: Alta
C81: Jue 28 ago | D81: Jue 28 ago | E81: HU38 | F81: Como paciente Quiero que cada cita en la lista incluya información detallada como fecha, hora, médico y tipo de atención Para saber en qué consiste. | G81: 2 | H81: Media
B82: Gestión de mi planilla | C82: Jue 28 ago | D82: Vie 29 ago | E82: HU42 | F82: Como paciente Quiero tener la opción de modificar o reprogramar una cita desde la sección de “Citas próximas” Para ajustarla si se me presenta un imprevisto. | G82: 3 | H82: Alta
F83: Total de puntos Sprint 10 | G83: =G76+G77+G78+G79+G80+G81+G82 -> 18
A85: Sprint | B85: Objetivo | C85: Fecha Inicio | D85: Fecha Fin | E85: ID HU | F85: Historia de Usuario | G85: Puntos de Historia | H85: Prioridad
A86: Sprint 11 | B86: Familiares | C86: Lun 1 sep | D86: Mar 2 sep | E86: HU43 | F86: Como paciente Quiero tener la opción de registrar a un familiar con indicaciones claras sobre cómo hacerlo Para vincular a las personas que deseo que estén informadas sobre mis procesos médicos. | G86: 5 | H86: Alta
C87: Mar 2 sep | D87: Mar 2 sep | E87: HU44 | F87: Como paciente Quiero elegir qué tipo de información puede recibir un familiar registrado (ej. citas, medicamentos) Para mantener el control sobre mi privacidad. | G87: 2 | H87: Alta
C88: Mar 2 sep | D88: Mie 3 sep | E88: HU45 | F88: Como paciente Quiero tener un menú con opciones para editar o eliminar un familiar registrado Para mantener actualizada y controlada la lista de personas asociadas a mi cuenta. | G88: 3 | H88: Alta
B89: Gestion de familiares | C89: Mie 3 sep | D89: Jue 4 sep | E89: HU46 | F89: Como paciente Quiero recibir una advertencia si intento registrar a un familiar con un correo ya asociado a otra cuenta Para evitar errores o duplicados. | G89: 2 | H89: Media
F90: Total de puntos Sprint 11 | G90: =G86+G87+G88+G89 -> 12

Sheet Sprint Backlog - 27-06-25
A1: Sprint | B1: Objetivo | C1: Fecha Inicio | D1: Fecha Fin | E1: ID HU | F1: Historia de Usuario | G1: Puntos de Historia | H1: Prioridad
A2: Sprint 1 | B2: Menu | C2: Lun 23 jun | D2: Lun 23 jun | E2: HU01 | F2: Como paciente Quiero que el sistema tenga categorías claras en el menú Para poder navegar fácilmente sin perderme. | G2: 3 | H2: Must-be
B3: Panel principal | C3: Lun 23 jun | D3: Mar 24 jun | E3: HU03 | F3: Como médico Quiero contar con un panel donde pueda visualizar mis citas del día y acceder al historial médico de cada paciente agendado Para preparar mejor mi jornada laboral. | G3: 5 | H3: Must-be
B4: Gestion tecnica | C4: Mar 24 jun | D4: Mie 25 jun | E4: HU05 | F4: Como paciente Quiero poder reportar un error técnico desde cualquier pantalla del sistema Para notificar fácilmente si algo no funciona correctamente | G4: 5 | H4: Must-be
B5: Gestion de horarios | C5: Mie 25 jun | D5: Jue 26 jun | E5: HU06 | F5: Como administrador Quiero poder modificar horarios a los médicos Para que los mismos sepan las modificaciones o actualizaciones sobre el horario | G5: 5 | H5: Must-be
B6: Formulario de registro | C6: Jue 26 jun | D6: Vie 27 jun | E6: HU09 | F6: Como paciente Quiero registrarme mediante un formulario que solicite mis datos personales y de contacto, incluyendo aceptación de términos y condiciones Para poder acceder al sistema con una cuenta propia. | G6: 5 | H6: Must-be
F7: Total de puntos Sprint 1 | G7: =G2+G3+G4+G5+G6 -> 23
A9: Sprint | B9: Objetivo | C9: Fecha Inicio | D9: Fecha Fin | E9: ID HU | F9: Historia de Usuario | G9: Puntos de Historia | H9: Prioridad
A10: Sprint 2 | B10: Formulario de inicio de sesion | C10: Lun 30 jun | D10: Lun 30 jun | E10: HU12 | F10: Como paciente Quiero poder iniciar sesión en el sistema utilizando mi correo y mi contraseña Para acceder a mi perfil y funcionalidades del sistema médico. | G10: 2 | H10: Must-be
C11: Lun 30 jun | D11: Mar 1 jul | E11: HU13 | F11: Como paciente Quiero contar con una opción para recuperar mi contraseña en caso de olvidarla Para poder restablecer mi acceso al sistema. | G11: 5 | H11: Must-be
B12: Gestion de horarios | C12: Mar 1 jul | D12: Mie 2 jul | E12: HU27 | F12: Como administrador Quiero que el sistema valide que las citas solo se puedan agendar dentro del horario laboral Para evitar reservas fuera del tiempo permitido. | G12: 5 | H12: Must-be
C13: Mie 2 jul | D13: Mie 2 jul | E13: HU28 | F13: Como administrador Quiero que se registre cada nueva cita agendada por los pacientes Para llevar control del flujo de atención médica. | G13: 3 | H13: Must-be
B14: Gestion de citas | C14: Mie 2 jul | D14: Vie 4 jul | E14: HU35 | F14: Como paciente Quiero poder cancelar o reprogramar una cita ya agendada Para ajustarla a mis imprevistos o cambios de agenda. | G14: 5 | H14: Must-be
F15: Total de puntos Sprint 2 | G15: =G10+G11+G12+G13+G14 -> 20
A17: Sprint | C17: Fecha Inicio | D17: Fecha Fin | E17: ID HU | F17: Historia de Usuario | G17: Puntos de Historia | H17: Prioridad
A18: Sprint 3 | B18: Gestión de mi planilla | C18: Lun 7 jul | D18: Lun 7 jul | E18: HU42 | F18: Como paciente Quiero tener la opción de modificar o reprogramar una cita desde la sección de “Citas próximas” Para ajustarla si se me presenta un imprevisto. | G18: 3 | H18: Must-be
B19: Indicaciones médicas | C19: Lun 7 jul | D19: Mar 8 jul | E19: HU47 | F19: Como paciente Quiero poder visualizar las indicaciones médicas registradas por el profesional de salud tras una cita, como medicamentos o exámenes Para saber con claridad qué debo hacer. | G19: 5 | H19: Must-be
B20: Perfil | C20: Mar 8 jul | D20: Mie 9 jul | E20: HU51 | F20: Como paciente Quiero tener acceso a un contenedor o menú desplegable desde mi perfil Para gestionar mis opciones personales dentro del sistema. | G20: 3 | H20: Must-be
C21: Mie 9 jul | D21: Jue 10 jul | E21: HU52 | F21: Como paciente Quiero poder modificar mis datos personales (como teléfono, dirección, correo) desde el menú de perfil Para mantener mi información actualizada. | G21: 5 | H21: Must-be
C22: Jue 10 jul | D22: Jue 10 jul | E22: HU53 | F22: Como paciente Quiero poder cerrar sesión desde el contenedor del perfil Para finalizar mi actividad de forma segura. | G22: 3 | H22: Must-be
B23: Pie de pagina | C23: Jue 10 jul | D23: Vie 11 jul | E23: HU58 | F23: Como paciente Quiero que en cada sección del sistema se muestre un pie de página con la información esencial de la institución Para tener a la mano datos importantes sin importar dónde esté en el sistema. | G23: 2 | H23: Must-be
F24: Total de puntos Sprint 3 | G24: =G18+G19+G20+G21+G22+G23 -> 21
A26: Sprint | B26: Objetivo | C26: Fecha Inicio | D26: Fecha Fin | E26: ID HU | F26: Historia de Usuario | G26: Puntos de Historia | H26: Prioridad
A27: Sprint 4 | B27: Panel principal | C27: Lun 14 jul | D27: Mar 15 jul | E27: HU02 | F27: Como paciente Quiero ver un panel principal con un resumen de mis próximas citas, indicaciones médicas y notificaciones recientes Para tener un panorama general desde que ingreso al sistema. | G27: 5 | H27: Performance
B28: Certificado | C28: Mar 15 jul | D28: Mie 16 jul | E28: HU08 | F28: Como paciente Quiero poder descargar o imprimir un comprobante de mi cita médica Para tenerlo disponible si me lo solicitan o lo necesito. | G28: 5 | H28: Performance
B29: Validaciones de formularios | C29: Mie 16 jul | D29: Mie 16 jul | E29: HU10 | F29: Como paciente Quiero ser notificado si intento registrar una cuenta con un correo ya existente Para saber que debo iniciar sesión en lugar de crear una nueva cuenta. | G29: 2 | H29: Performance
B30: Formulario de inicio de sesion | C30: Mie 16 jul | D30: Jue 17 jul | E30: HU11 | F30: Como paciente Quiero recibir un mensaje claro si al intentar iniciar sesión el servidor está caído o hay un problema técnico Para saber que el error no es mío. | G30: 5 | H30: Performance
B31: Navegación | C31: Jue 17 jul | D31: Jue 17 jul | E31: HU16 | F31: Como paciente Quiero poder navegar a través del sistema utilizando una miga de pan Para saber en qué sección me encuentro y regresar fácilmente a una anterior. | G31: 2 | H31: Performance
B32: Novedades | C32: Jue 17 jul | D32: Vie 18 jul | E32: HU17 | F32: Como paciente Quiero que el sistema me muestre un mensaje si las noticias o novedades no se pueden cargar Para saber que no es un error de mi dispositivo. | G32: 2 | H32: Performance
F33: Total de puntos Sprint 4 | G33: =G27+G28+G29+G30+G31+G32 -> 21
A35: Sprint | B35: Objetivo | C35: Fecha Inicio | D35: Fecha Fin | E35: ID HU | F35: Historia de Usuario | G35: Puntos de Historia | H35: Prioridad
A36: Sprint 5 | B36: Alertas | C36: Lun 21 jul | D36: Lun 21 jul | E36: HU18 | F36: Como paciente Quiero que el sistema me muestre una notificación si accedo a una página inexistente o rota Para poder volver fácilmente al inicio o a una sección válida | G36: 2 | H36: Performance
B37: Calendario | C37: Lun 21 jul | D37: Mar 22 jul | E37: HU19 | F37: Como paciente Quiero acceder a un calendario donde pueda ver los días disponibles Para seleccionar cuándo deseo agendar una cita médica. | G37: 5 | H37: Performance
C38: Mar 22 jul | D38: Mar 22 jul | E38: HU20 | F38: Como paciente Quiero ver qué días ya están totalmente ocupados Para evitar seleccionar días sin disponibilidad. | G38: 3 | H38: Performance
B39: Gestion de citas | C39: Mar 22 jul | D39: Mie 23 jul | E39: HU22 | F39: Como paciente Quiero poder filtrar las citas por especialidad médica Para encontrar más fácilmente al profesional que necesito. | G39: 5 | H39: Performance
C40: Mie 23 jul | D40: Vie 25 jul | E40: HU23 | F40: Como paciente Quiero elegir la hora exacta en la que deseo agendar mi cita Para ajustarla a mi disponibilidad. | G40: 8 | H40: Performance
F41: Total de puntos Sprint 5 | G41: =G38+G39+G36+G37+G40 -> 23
A43: Sprint | B43: Objetivo | C43: Fecha Inicio | D43: Fecha Fin | E43: ID HU | F43: Historia de Usuario | G43: Puntos de Historia | H43: Prioridad
A44: Sprint 6 | B44: Gestion de citas | C44: Lun 28 jul | D44: Mar 29 jul | E44: HU24 | F44: Como paciente Quiero poder elegir la sede donde quiero recibir atención médica Para escoger la más cercana o conveniente. | G44: 5 | H44: Performance
B45: Calendario | C45: Mar 29 jul | D45: Mar 29 jul | E45: HU25 | F45: Como paciente Quiero que se me muestren claramente los horarios ya tomados Para no intentar agendar en ellos. | G45: 3 | H45: Performance
B46: Validacion de citas | C46: Mar 29 jul | D46: Mar 29 jul | E46: HU29 | F46: Como paciente Quiero que, al finalizar la solicitud de cita, el sistema me muestre una ventana emergente de confirmación Para asegurarme de que el proceso fue exitoso. | G46: 2 | H46: Performance
B47: Gestion de medicos | C47: Mar 29 jul | D47: Mie 30 jul | E47: HU30 | F47: Como paciente Quiero que, al completar la información inicial para la cita, el sistema me muestre los médicos disponibles Para seleccionar el que prefiera. | G47: 5 | H47: Performance
C48: Mie 30 jul | D48: Jue 31 jul | E48: HU32 | F48: Como paciente Quiero poder seleccionar al médico que más se ajuste a mis necesidades, y confirmar mi elección con un mensaje claro. | G48: 5 | H48: Performance
B49: Alertas | C49: Jue 31 jul | D49: Vie 1 ago | E49: HU34 | F49: Como paciente Quiero que el sistema me notifique si no puede cargar la lista de médicos disponibles, Para saber que hay un problema técnico. | G49: 2 | H49: Performance
F50: Total de puntos Sprint 6 | G50: =G44+G45+G46+G47+G48+G49 -> 22
A52: Sprint | B52: Objetivo | C52: Fecha Inicio | D52: Fecha Fin | E52: ID HU | F52: Historia de Usuario | G52: Puntos de Historia | H52: Prioridad
A53: Sprint 7 | B53: Gestion de mi planilla | C53: Lun 4 ago | D53: Lun 4 ago | E53: HU36 | F53: Como paciente Quiero ver todas las citas que he tomado y las que tengo programadas Para llevar un control de mi atención médica. | G53: 3 | H53: Performance
C54: Lun 4 ago | D54: Lun 4 ago | E54: HU37 | F54: Como paciente Quiero tener una opción para filtrar entre citas ya tomadas y las que están programadas Para facilitar la revisión de mi historial. | G54: 3 | H54: Performance
C55: Lun 4 ago | D55: Mar 5 ago | E55: HU38 | F55: Como paciente Quiero que cada cita en la lista incluya información detallada como fecha, hora, médico y tipo de atención Para saber en qué consiste. | G55: 2 | H55: Performance
B56: Gestión de Notificaciones | C56: Mar 5 ago | D56: Mie 6 ago | E56: HU41 | F56: Como paciente Quiero recibir una alerta cuando tenga una cita cercana (por ejemplo, un día antes), Para no olvidarla. | G56: 8 | H56: Performance
B57: Familiares | C57: Mie 6 ago | D57: Jue 7 ago | E57: HU43 | F57: Como paciente Quiero tener la opción de registrar a un familiar con indicaciones claras sobre cómo hacerlo Para vincular a las personas que deseo que estén informadas sobre mis procesos médicos. | G57: 5 | H57: Performance
C58: Jue 7 ago | D58: Vie 8 ago | E58: HU45 | F58: Como paciente Quiero tener opciones para editar o eliminar un familiar registrado Para mantener actualizada y controlada la lista de personas asociadas a mi cuenta. | G58: 3 | H58: Performance
F59: Total de puntos Sprint 7 | G59: =G53+G54+G55+G56+G57+G58 -> 24
A61: Sprint | B61: Objetivo | C61: Fecha Inicio | D61: Fecha Fin | E61: ID HU | F61: Historia de Usuario | G61: Puntos de Historia | H61: Prioridad
A62: Sprint 8 | B62: Gestion de familiares | C62: Lun 11 ago | D62: Lun 11 ago | E62: HU46 | F62: Como paciente Quiero recibir una advertencia si intento registrar a un familiar con un correo ya asociado a otra cuenta Para evitar errores o duplicados. | G62: 2 | H62: Performance
B63: Indicaciones médicas | C63: Lun 11 ago | D63: Lun 11 ago | E63: HU49 | F63: Como paciente Quiero recibir una notificación clara si el médico aún no ha registrado indicaciones tras una cita Para saber que no es un error del sistema. | G63: 2 | H63: Performance
B64: Gestión de Notificaciones | C64: Lun 11 ago | D64: Lun 11 ago | E64: HU54 | F64: Como paciente Quiero tener una opción visible en todo momento para acceder a mis notificaciones, Para estar informado de cualquier novedad del sistema. | G64: 2 | H64: Performance
C65: Mar 12 ago | D65: Mie 13 ago | E65: HU55 | F65: Como paciente Quiero poder ver en detalle la información de cada notificación o que me redirija a la sección relacionada Para comprender mejor su contenido. | G65: 8 | H65: Performance
B66: Gestion tecnica | C66: Mie 13 ago | D66: Jue 14 ago | E66: HU04 | F66: Como paciente Quiero tener acceso a un chat de soporte o una sección de preguntas Frecuentes Para recibir ayuda si tengo problemas usando el sistema. | G66: 3 | H66: Delighter
B67: Notificaciones | C67: Jue 14 ago | D67: Vie 15 ago | E67: HU07 | F67: Como paciente Quiero poder elegir qué tipo de notificaciones deseo recibir (correo) Para evitar recibir información no deseada. | G67: 5 | H67: Delighter
F68: Total de puntos Sprint 8 | G68: =G63+G64+G65+G62+G66+G67 -> 22
A70: Sprint | B70: Objetivo | C70: Fecha Inicio | D70: Fecha Fin | E70: ID HU | F70: Historia de Usuario | G70: Puntos de Historia | H70: Prioridad
A71: Sprint 9 | B71: Novedades | C71: Lun 18 ago | D71: Mar 19 ago | E71: HU14 | F71: Como paciente Quiero ver un apartado con noticias, novedades, proyectos, tutoriales y otras actividades relacionadas con la institución médica Para mantenerme informado. | G71: 5 | H71: Delighter
B72: Atención al usuario | C72: Mar 19 ago | D72: Mie 20 ago | E72: HU15 | F72: Como paciente Quiero acceder a una sección con instrucciones o videotutoriales sobre el uso del sistema Para aprender cómo navegar correctamente por la plataforma. | G72: 5 | H72: Delighter
B73: Citas automaticas | C73: Mie 20 ago | D73: Vie 22 ago | E73: HU21 | F73: Como paciente Quiero tener una opción para que el sistema asigne automáticamente una cita disponible según mis preferencias Para ahorrar tiempo. | G73: 13 | H73: Delighter
F74: Total de puntos Sprint 9 | G74: =G71+G72+G73 -> 23
A76: Sprint | B76: Objetivo | C76: Fecha Inicio | D76: Fecha Fin | E76: ID HU | F76: Historia de Usuario | G76: Puntos de Historia | H76: Prioridad
A77: Sprint 10 | B77: Gestion de citas | C77: Lun 25 ago | D77: Mar 26 ago | E77: HU26 | F77: Como paciente Quiero establecer un rango de horas en el que deseo ser atendido Para que el sistema me sugiera médicos dentro de ese horario. | G77: 8 | H77: Delighter
B78: Gestion de medicos | C78: Mar 26 ago | D78: Mar 26 ago | E78: HU31 | F78: Como paciente Quiero acceder al perfil de un médico antes de seleccionarlo Para conocer más sobre su formación y especialidad. | G78: 3 | H78: Delighter
B79: Hora prioritaria | C79: Mar 26 ago | D79: Mie 27 ago | E79: HU33 | F79: Como paciente Quiero una opción que me permita ver rápidamente la primera hora disponible según filtros Para agendar más eficientemente. | G79: 5 | H79: Delighter
B80: Mi planilla | C80: Mie 27 ago | D80: Mie 27 ago | E80: HU39 | F80: Como paciente Quiero poder acceder al perfil del médico con quien tengo o tuve la cita Para conocer más sobre su experiencia. | G80: 1 | H80: Delighter
C81: Mie 27 ago | D81: Mie 27 ago | E81: HU40 | F81: Como paciente Quiero que desde la sección de “Citas próximas” exista una opción para agendar una nueva cita Para facilitar la navegación del sistema. | G81: 1 | H81: Delighter
B82: Familiares | C82: Jue 28 ago | D82: Jue 28 ago | E82: HU44 | F82: Como paciente Quiero elegir qué tipo de información puede recibir un familiar registrado (ej. citas, medicamentos) Para mantener el control sobre mi privacidad. | G82: 2 | H82: Delighter
B83: Indicaciones médicas | C83: Jue 28 ago | D83: Vie 29 ago | E83: HU48 | F83: Como paciente Quiero poder activar notificaciones a partir de un horario definido por mí Para recordar cuándo tomar medicamentos o realizar actividades médicas. | G83: 2 | H83: Delighter
F84: Total de puntos Sprint 10 | G84: =G77+G78+G79+G80+G81+G82+G83 -> 22
A86: Sprint | B86: Objetivo | C86: Fecha Inicio | D86: Fecha Fin | E86: ID HU | F86: Historia de Usuario | G86: Puntos de Historia | H86: Prioridad
A87: Sprint 11 | B87: Indicaciones médicas | C87: Lun 1 sep | D87: Lun 1 sep | E87: HU50 | F87: Como paciente Quiero poder marcar una indicación como “completada” o “hecha” Para llevar un registro de mi cumplimiento del tratamiento. | G87: 2 | H87: Delighter
B88: Gestión de Notificaciones | C88: Lun 1 sep | D88: Lun 1 sep | E88: HU56 | F88: Como paciente Quiero tener una opción para eliminar notificaciones individuales (por ejemplo, con un ícono de bote de basura) Para mantener limpia mi bandeja de notificaciones. | G88: 3 | H88: Delighter
C89: Lun 1 sep | D89: Mar 2 sep | E89: HU57 | F89: Como paciente Quiero tener una opción para eliminar todas mis notificaciones de una sola vez Para ahorrar tiempo y evitar hacerlo una por una. | G89: 2 | H89: Delighter
F90: Total de puntos Sprint 11 | G90: =G87+G88+G89 -> 7

Sheet Sprint Backlog
A1: Sprint | B1: Objetivo | C1: Fecha Inicio | D1: Fecha Fin | E1: ID HU | F1: Historia de Usuario | G1: Puntos de Historia | H1: Prioridad
A2: Sprint 1 | B2: Menu | C2: Lun 28 jul | D2: Lun 28 jul | E2: HU01 | F2: Como paciente Quiero que el sistema tenga categorías claras en el menú Para poder navegar fácilmente sin perderme. | G2: 3 | H2: Must-be
B3: Panel principal | C3: Lun 28 jul | D3: Mar 29 jul | E3: HU03 | F3: Como médico Quiero contar con un panel donde pueda visualizar mis citas del día y acceder al historial médico de cada paciente agendado Para preparar mejor mi jornada laboral. | G3: 5 | H3: Must-be
B4: Gestion tecnica | C4: Mar 29 jul | D4: Mie 30 jul | E4: HU05 | F4: Como paciente Quiero poder reportar un error técnico desde cualquier pantalla del sistema Para notificar fácilmente si algo no funciona correctamente | G4: 5 | H4: Must-be
B5: Gestion de horarios | C5: Mie 30 jul | D5: Jue 31 jul | E5: HU06 | F5: Como administrador Quiero poder modificar horarios a los médicos Para que los mismos sepan las modificaciones o actualizaciones sobre el horario | G5: 5 | H5: Must-be
B6: Formulario de registro | C6: Jue 31 jul | D6: Vie 1 ago | E6: HU09 | F6: Como paciente Quiero registrarme mediante un formulario que solicite mis datos personales y de contacto, incluyendo aceptación de términos y condiciones Para poder acceder al sistema con una cuenta propia. | G6: 5 | H6: Must-be
F7: Total de puntos Sprint 1 | G7: =G2+G3+G4+G5+G6 -> 23
A9: Sprint | B9: Objetivo | C9: Fecha Inicio | D9: Fecha Fin | E9: ID HU | F9: Historia de Usuario | G9: Puntos de Historia | H9: Prioridad
A10: Sprint 2 | B10: Formulario de inicio de sesion | C10: Lun 4 ago | D10: Lun 4 ago | E10: HU12 | F10: Como paciente Quiero poder iniciar sesión en el sistema utilizando mi correo y mi contraseña Para acceder a mi perfil y funcionalidades del sistema médico. | G10: 2 | H10: Must-be
C11: Lun 4 ago | D11: Mar 5 ago | E11: HU13 | F11: Como paciente Quiero contar con una opción para recuperar mi contraseña en caso de olvidarla Para poder restablecer mi acceso al sistema. | G11: 5 | H11: Must-be
B12: Gestion de horarios | C12: Mar 5 ago | D12: Mie 6 ago | E12: HU27 | F12: Como administrador Quiero que el sistema valide que las citas solo se puedan agendar dentro del horario laboral Para evitar reservas fuera del tiempo permitido. | G12: 5 | H12: Must-be
C13: Mie 6 ago | D13: Jue 7 ago | E13: HU28 | F13: Como administrador Quiero que se registre cada nueva cita agendada por los pacientes Para llevar control del flujo de atención médica. | G13: 3 | H13: Must-be
B14: Gestion de citas | C14: Jue 7 ago | D14: Vie 8 ago | E14: HU35 | F14: Como paciente Quiero poder cancelar o reprogramar una cita ya agendada Para ajustarla a mis imprevistos o cambios de agenda. | G14: 5 | H14: Must-be
F15: Total de puntos Sprint 2 | G15: =G10+G11+G12+G13+G14 -> 20
A17: Sprint | C17: Fecha Inicio | D17: Fecha Fin | E17: ID HU | F17: Historia de Usuario | G17: Puntos de Historia | H17: Prioridad
A18: Sprint 3 | B18: Gestión de mi planilla | C18: Lun 11 ago | D18: Lun 11 ago | E18: HU42 | F18: Como paciente Quiero tener la opción de modificar o reprogramar una cita desde la sección de “Citas próximas” Para ajustarla si se me presenta un imprevisto. | G18: 3 | H18: Must-be
B19: Indicaciones médicas | C19: Lun 11 ago | D19: Mar 12 ago | E19: HU47 | F19: Como paciente Quiero poder visualizar las indicaciones médicas registradas por el profesional de salud tras una cita, como medicamentos o exámenes Para saber con claridad qué debo hacer. | G19: 5 | H19: Must-be
B20: Perfil | C20: Mar 12 ago | D20: Mie 13 ago | E20: HU51 | F20: Como paciente Quiero tener acceso a un contenedor o menú desplegable desde mi perfil Para gestionar mis opciones personales dentro del sistema. | G20: 3 | H20: Must-be
C21: Mie 13 ago | D21: Jue 14 ago | E21: HU52 | F21: Como paciente Quiero poder modificar mis datos personales (como teléfono, dirección, correo) desde el menú de perfil Para mantener mi información actualizada. | G21: 5 | H21: Must-be
C22: Jue 14 ago | D22: Jue 14 ago | E22: HU53 | F22: Como paciente Quiero poder cerrar sesión desde el contenedor del perfil Para finalizar mi actividad de forma segura. | G22: 3 | H22: Must-be
B23: Gestion de usuarios | C23: Jue 14 ago | D23: Vie 15 ago | E23: HU59 | F23: Como administrador Quiero una sección para poder agregar usuarios (medicos, pacientes, y administradores) | G23: 2 | H23: Must-be
F24: Total de puntos Sprint 3 | G24: =G18+G19+G20+G21+G22+G23 -> 21
A26: Sprint | B26: Objetivo | C26: Fecha Inicio | D26: Fecha Fin | E26: ID HU | F26: Historia de Usuario | G26: Puntos de Historia | H26: Prioridad
A27: Sprint 4 | B27: Pie de pagina | C27: Lun 18 ago | D27: Lun 18 ago | E27: HU58 | F27: Como paciente Quiero que en cada sección del sistema se muestre un pie de página con la información esencial de la institución Para tener a la mano datos importantes sin importar dónde esté en el sistema. | G27: 2 | H27: Must-be
B28: Panel principal | C28: Lun 18 ago | D28: Mar 19 ago | E28: HU02 | F28: Como paciente Quiero ver un panel principal con un resumen de mis próximas citas, indicaciones médicas y notificaciones recientes Para tener un panorama general desde que ingreso al sistema. | G28: 5 | H28: Performance
B29: Certificado | C29: Mar 19 ago | D29: Mie 20 ago | E29: HU08 | F29: Como paciente Quiero poder descargar o imprimir un comprobante de mi cita médica Para tenerlo disponible si me lo solicitan o lo necesito. | G29: 5 | H29: Performance
B30: Validaciones de formularios | C30: Mie 20 ago | D30: Mie 20 ago | E30: HU10 | F30: Como paciente Quiero ser notificado si intento registrar una cuenta con un correo ya existente Para saber que debo iniciar sesión en lugar de crear una nueva cuenta. | G30: 2 | H30: Performance
B31: Formulario de inicio de sesion | C31: Mie 20 ago | D31: Jue 21 ago | E31: HU11 | F31: Como paciente Quiero recibir un mensaje claro si al intentar iniciar sesión el servidor está caído o hay un problema técnico Para saber que el error no es mío. | G31: 5 | H31: Performance
B32: Navegación | C32: Jue 21 ago | D32: Jue 21 ago | E32: HU16 | F32: Como paciente Quiero poder navegar a través del sistema utilizando una miga de pan Para saber en qué sección me encuentro y regresar fácilmente a una anterior. | G32: 2 | H32: Performance
B33: Novedades | C33: Jue 21 ago | D33: Vie 22 ago | E33: HU17 | F33: Como paciente Quiero que el sistema me muestre un mensaje si las noticias o novedades no se pueden cargar Para saber que no es un error de mi dispositivo. | G33: 2 | H33: Performance
F34: Total de puntos Sprint 4 | G34: =G27+G28+G29+G30+G31+G32+G33 -> 23
A36: Sprint | B36: Objetivo | C36: Fecha Inicio | D36: Fecha Fin | E36: ID HU | F36: Historia de Usuario | G36: Puntos de Historia | H36: Prioridad
B37: Alertas | C37: Lun 25 ago | D37: Lun 25 ago | E37: HU18 | F37: Como paciente Quiero que el sistema me muestre una notificación si accedo a una página inexistente o rota Para poder volver fácilmente al inicio o a una sección válida | G37: 2 | H37: Performance
B38: Calendario | C38: Lun 25 ago | D38: Mar 26 ago | E38: HU19 | F38: Como paciente Quiero acceder a un calendario donde pueda ver los días disponibles Para seleccionar cuándo deseo agendar una cita médica. | G38: 5 | H38: Performance
C39: Mar 26 ago | D39: Mie 27 ago | E39: HU20 | F39: Como paciente Quiero ver qué días ya están totalmente ocupados Para evitar seleccionar días sin disponibilidad. | G39: 3 | H39: Performance
B40: Gestion de citas | C40: Mie 27 ago | D40: Jue 28 ago | E40: HU22 | F40: Como paciente Quiero poder filtrar las citas por especialidad médica Para encontrar más fácilmente al profesional que necesito. | G40: 5 | H40: Performance
C41: Jue 28 ago | D41: Vie 29 ago | E41: HU23 | F41: Como paciente Quiero elegir la hora exacta en la que deseo agendar mi cita Para ajustarla a mi disponibilidad. | G41: 8 | H41: Performance
F42: Total de puntos Sprint 4 | G42: =G37+G38+G39+G40+G41 -> 23
A44: Sprint | B44: Objetivo | C44: Fecha Inicio | D44: Fecha Fin | E44: ID HU | F44: Historia de Usuario | G44: Puntos de Historia | H44: Prioridad
A45: Sprint 6 | B45: Gestion de citas | C45: Lun 1 sep | D45: Mar 2 sep | E45: HU24 | F45: Como paciente Quiero poder elegir la sede donde quiero recibir atención médica Para escoger la más cercana o conveniente. | G45: 5 | H45: Performance
B46: Calendario | C46: Mar 2 sep | D46: Mar 2 sep | E46: HU25 | F46: Como paciente Quiero que se me muestren claramente los horarios ya tomados Para no intentar agendar en ellos. | G46: 3 | H46: Performance
B47: Validacion de citas | C47: Mar 2 sep | D47: Mie 3 sep | E47: HU29 | F47: Como paciente Quiero que, al finalizar la solicitud de cita, el sistema me muestre una ventana emergente de confirmación Para asegurarme de que el proceso fue exitoso. | G47: 2 | H47: Performance
B48: Gestion de medicos | C48: Mie 3 sep | D48: Jue 4 sep | E48: HU30 | F48: Como paciente Quiero que, al completar la información inicial para la cita, el sistema me muestre los médicos disponibles Para seleccionar el que prefiera. | G48: 5 | H48: Performance
C49: Jue 4 sep | D49: Vie 5 sep | E49: HU32 | F49: Como paciente Quiero poder seleccionar al médico que más se ajuste a mis necesidades, y confirmar mi elección con un mensaje claro. | G49: 5 | H49: Performance
F50: Total de puntos Sprint 6 | G50: =G45+G46+G47+G48+G49 -> 20
A52: Sprint | B52: Objetivo | C52: Fecha Inicio | D52: Fecha Fin | E52: ID HU | F52: Historia de Usuario | G52: Puntos de Historia | H52: Prioridad
A53: Sprint 7 | B53: Alertas | C53: Lun 8 sep | D53: Lun 8 sep | E53: HU34 | F53: Como paciente Quiero que el sistema me notifique si no puede cargar la lista de médicos disponibles, Para saber que hay un problema técnico. | G53: 2 | H53: Performance
B54: Gestion de mi planilla | C54: Lun 8 sep | D54: Lun 8 sep | E54: HU36 | F54: Como paciente Quiero ver todas las citas que he tomado y las que tengo programadas Para llevar un control de mi atención médica. | G54: 3 | H54: Performance
C55: Lun 8 sep | D55: Mar 9 sep | E55: HU37 | F55: Como paciente Quiero tener una opción para filtrar entre citas ya tomadas y las que están programadas Para facilitar la revisión de mi historial. | G55: 3 | H55: Performance
C56: Mar 9 sep | D56: Mie 10 sep | E56: HU38 | F56: Como paciente Quiero que cada cita en la lista incluya información detallada como fecha, hora, médico y tipo de atención Para saber en qué consiste. | G56: 2 | H56: Performance
B57: Gestión de Notificaciones | C57: Mie 10 sep | D57: Vie 12 sep | E57: HU41 | F57: Como paciente Quiero recibir una alerta cuando tenga una cita cercana (por ejemplo, un día antes), Para no olvidarla. | G57: 8 | H57: Performance
B58: Gestion de familiares | C58: Vie 12 sep | D58: Vie 12 sep | E58: HU46 | F58: Como paciente Quiero recibir una advertencia si intento registrar a un familiar con un correo ya asociado a otra cuenta Para evitar errores o duplicados. | G58: 2 | H58: Performance
F59: Total de puntos Sprint 7 | G59: =G53++G54+G55+G56+G57 -> 18
A61: Sprint | B61: Objetivo | C61: Fecha Inicio | D61: Fecha Fin | E61: ID HU | F61: Historia de Usuario | G61: Puntos de Historia | H61: Prioridad
A62: Sprint 8 | B62: Familiares | C62: Lun 15 sep | D62: Mar 16 sep | E62: HU43 | F62: Como paciente Quiero tener la opción de registrar a un familiar con indicaciones claras sobre cómo hacerlo Para vincular a las personas que deseo que estén informadas sobre mis procesos médicos. | G62: 5 | H62: Performance
C63: Mar 16 sep | D63: Mar 16 sep | E63: HU45 | F63: Como paciente Quiero tener opciones para editar o eliminar un familiar registrado Para mantener actualizada y controlada la lista de personas asociadas a mi cuenta. | G63: 3 | H63: Performance
B64: Indicaciones médicas | C64: Mar 16 sep | D64: Mie 17 sep | E64: HU49 | F64: Como paciente Quiero recibir una notificación clara si el médico aún no ha registrado indicaciones tras una cita Para saber que no es un error del sistema. | G64: 2 | H64: Performance
B65: Gestión de Notificaciones | C65: Mie 17 sep | D65: Mie 17 sep | E65: HU54 | F65: Como paciente Quiero tener una opción visible en todo momento para acceder a mis notificaciones, Para estar informado de cualquier novedad del sistema. | G65: 2 | H65: Performance
C66: Mie 17 sep | D66: Jue 18 sep | E66: HU55 | F66: Como paciente Quiero poder ver en detalle la información de cada notificación o que me redirija a la sección relacionada Para comprender mejor su contenido. | G66: 8 | H66: Performance
B67: Gestion tecnica | C67: Jue 18 sep | D67: Vie 19 sep | E67: HU04 | F67: Como paciente Quiero tener acceso a un chat de soporte o una sección de preguntas Frecuentes Para recibir ayuda si tengo problemas usando el sistema. | G67: 3 | H67: Delighter
F68: Total de puntos Sprint 8 | G68: =G63+G64+G65+G62+G66+G67 -> 23
A70: Sprint | B70: Objetivo | C70: Fecha Inicio | D70: Fecha Fin | E70: ID HU | F70: Historia de Usuario | G70: Puntos de Historia | H70: Prioridad
A71: Sprint 9 | B71: Notificaciones | C71: Lun 22 sep | D71: Mar 23 sep | E71: HU07 | F71: Como paciente Quiero poder elegir qué tipo de notificaciones deseo recibir (correo) Para evitar recibir información no deseada. | G71: 5 | H71: Delighter
B72: Novedades | C72: Mar 23 sep | D72: Mie 24 sep | E72: HU14 | F72: Como paciente Quiero ver un apartado con noticias, novedades, proyectos, tutoriales y otras actividades relacionadas con la institución médica Para mantenerme informado. | G72: 5 | H72: Delighter
B73: Atención al usuario | C73: Mie 24 sep | D73: Vie 26 sep | E73: HU15 | F73: Como paciente Quiero acceder a una sección con instrucciones o videotutoriales sobre el uso del sistema Para aprender cómo navegar correctamente por la plataforma. | G73: 5 | H73: Delighter
F74: Total de puntos Sprint 9 | G74: =G71+G72+G73 -> 15
A76: Sprint | B76: Objetivo | C76: Fecha Inicio | D76: Fecha Fin | E76: ID HU | F76: Historia de Usuario | G76: Puntos de Historia | H76: Prioridad
A77: Sprint 10 | B77: Gestion de citas | C77: Lun 29 sep | D77: Mar 30 sep | E77: HU26 | F77: Como paciente Quiero establecer un rango de horas en el que deseo ser atendido Para que el sistema me sugiera médicos dentro de ese horario. | G77: 8 | H77: Delighter
B78: Gestion de medicos | C78: Mar 30 sep | D78: Mie 1 oct | E78: HU31 | F78: Como paciente Quiero acceder al perfil de un médico antes de seleccionarlo Para conocer más sobre su formación y especialidad. | G78: 3 | H78: Delighter
B79: Hora prioritaria | C79: Mie 1 oct | D79: Jue 2 oct | E79: HU33 | F79: Como paciente Quiero una opción que me permita ver rápidamente la primera hora disponible según filtros Para agendar más eficientemente. | G79: 5 | H79: Delighter
B80: Mi planilla | C80: Jue 2 oct | D80: Jue 2 oct | E80: HU39 | F80: Como paciente Quiero poder acceder al perfil del médico con quien tengo o tuve la cita Para conocer más sobre su experiencia. | G80: 1 | H80: Delighter
C81: Jue 2 oct | D81: Jue 2 oct | E81: HU40 | F81: Como paciente Quiero que desde la sección de “Citas próximas” exista una opción para agendar una nueva cita Para facilitar la navegación del sistema. | G81: 1 | H81: Delighter
B82: Familiares | C82: Jue 2 oct | D82: Vie 3 oct | E82: HU44 | F82: Como paciente Quiero elegir qué tipo de información puede recibir un familiar registrado (ej. citas, medicamentos) Para mantener el control sobre mi privacidad. | G82: 2 | H82: Delighter
F83: Total de puntos Sprint 10 | G83: =G77+G78+G79+G80+G81+G82 -> 20
A85: Sprint | B85: Objetivo | C85: Fecha Inicio | D85: Fecha Fin | E85: ID HU | F85: Historia de Usuario | G85: Puntos de Historia | H85: Prioridad
A86: Sprint 11 | B86: Indicaciones médicas | C86: Lun 6 oct | D86: Lun 6 oct | E86: HU48 | F86: Como paciente Quiero poder activar notificaciones a partir de un horario definido por mí Para recordar cuándo tomar medicamentos o realizar actividades médicas. | G86: 2 | H86: Delighter
B87: Indicaciones médicas | C87: Lun 6 oct | D87: Lun 6 oct | E87: HU50 | F87: Como paciente Quiero poder marcar una indicación como “completada” o “hecha” Para llevar un registro de mi cumplimiento del tratamiento. | G87: 2 | H87: Delighter
B88: Gestión de Notificaciones | C88: Lun 6 oct | D88: Mar 7 oct | E88: HU56 | F88: Como paciente Quiero tener una opción para eliminar notificaciones individuales (por ejemplo, con un ícono de bote de basura) Para mantener limpia mi bandeja de notificaciones. | G88: 3 | H88: Delighter
C89: Mar 7 oct | D89: Mar 7 oct | E89: HU57 | F89: Como paciente Quiero tener una opción para eliminar todas mis notificaciones de una sola vez Para ahorrar tiempo y evitar hacerlo una por una. | G89: 2 | H89: Delighter
B90: Citas automaticas | C90: Mar 7 oct | D90: Vie 10 oct | E90: HU21 | F90: Como paciente Quiero tener una opción para que el sistema asigne automáticamente una cita disponible según mis preferencias Para ahorrar tiempo. | G90: 13 | H90: Delighter
F91: Total de puntos Sprint 11 | G91: =G86+G87+G88+G89+G90 -> 22

Sheet Tareas X Sprint - Antiguo
A1: SPRINT 1
A2: ID HU | B2: Título resumido | C2: Tarea | D2: Responsable | E2: Horas estimadas | F2: Entregable | G2: Horas totales
A3: HU09 | B3: Registro de nuevo usuario | C3: Diseño del formulario de registro con campos necesarios y mensaje de términos | D3: Diseñador | E3: 3 | F3: Formulario de registro funcional con validacion de datos | G3: ='Sprint Backlog - Antiguo'!G2*4 -> 20
C4: Desarrollo de formulario de registro | D4: Frontend | E4: 6
C5: Creación de usuarios, validación de datos y almacenamiento seguro | D5: Backend | E5: 8
C6: Pruebas de validación del formulario y funcionalidad de registro | D6: QA | E6: 2
C7: Revisión conjunta del flujo de registro | D7: Todos | E7: 1
A8: HU12 | B8: Validación de campos del formulario en tiempo real | C8: Tarea | D8: Responsable | E8: Horas estimadas | F8: Entregable | G8: Horas totales
C9: Definir reglas de validación para cada campo (formato, longitud, requeridos, etc...) | D9: Diseñador | E9: 4 | F9: Formulario con validación en tiempo real y mensajes de error útiles | G9: ='Sprint Backlog - Antiguo'!G3*4 -> 8
C10: Implementar validación en tiempo real durante la escritura en el formulario, crear mensajes de error claros y accesibles para cada tipo de validación | D10: Frontend | E10: 6
D11: Backend
C12: Verificar funcionamiento de todas las validaciones (manual y automatizado) | D12: QA | E12: 1
C13: Revisión de flujo completo de registro con validaciones activas | D13: Todos | E13: 1
A14: HU13 | B14: Recuperacion de contraseña | C14: Tarea | D14: Responsable | E14: Horas estimadas | F14: Entregable | G14: Horas totales
C15: Definir la política de seguridad (longitud mínima, caracteres especiales, etc.) | D15: Diseñador | E15: 2 | F15: Registro validado con contraseñas seguras según política definida | G15: ='Sprint Backlog - Antiguo'!G4*4 -> 20
C16: Implementar validación de contraseña según política en el formulario de registro | D16: Frontend | E16: 3
C17: Agregar validación del lado del servidor y mensajes de errores claros | D17: Backend | E17: 5
C18: Verificar funcionamiento con casos válidos e inválidos | D18: QA | E18: 1
C19: Revisión conjunta del cumplimiento y experiencia de usuario | D19: Todos | E19: 1
A20: HU11 | B20: Notificación por error del servidor en inicio de sesión | C20: Tarea | D20: Responsable | E20: Horas estimadas | F20: Entregable | G20: Horas totales
C21: Diseño de mensaje de error claro y empático | D21: Diseñador | E21: 2 | F21: Error técnico mostrado adecuadamente al usuario final si el sistema falla. | G21: ='Sprint Backlog - Antiguo'!G5*4 -> 20
C22: Visualización del mensaje de error en pantalla de login | D22: Frontend | E22: 6
C23: Implementación del manejo de errores del servidor al iniciar sesión | D23: Backend | E23: 8
C24: Pruebas simulando error del servidor | D24: QA | E24: 3
C25: Revisión integral del flujo | D25: Todos | E25: 1
A26: HU10 | B26: Alerta por correo duplicado en registro | C26: Tarea | D26: Responsable | E26: Horas estimadas | F26: Entregable | G26: Horas totales
C27: Diseño del mensaje de advertencia cuando el correo ya está registrado | D27: Diseñador | E27: 1 | F27: Mensaje desplegado correctamente al detectar correo ya registrado, indicando iniciar sesión en su lugar. | G27: ='Sprint Backlog - Antiguo'!G6*4 -> 8
C28: Integración del mensaje de advertencia en la interfaz | D28: Frontend | E28: 2
C29: Implementación de validación de correo en base de datos | D29: Backend | E29: 3
C30: Pruebas con correos duplicados y verificación de la notificación | D30: QA | E30: 1
C31: Revisión conjunta de la funcionalidad | D31: Todos | E31: 1
A33: SPRINT 2
A34: ID HU | B34: Título resumido | C34: Tarea | D34: Responsable | E34: Horas estimadas | F34: Entregable | G34: Horas totales
A35: HU01 | B35: Menú de navegación clara | C35: Diseño de estructura del menú con categorías visibles y comprensibles | D35: Diseñador | E35: 3 | F35: Menú funcional con las categorías: Inicio, Agendamiento de citas, Mi planilla, Familiares, Indicaciones médicas, Configuración. | G35: ='Sprint Backlog - Antiguo'!G10*4 -> 12
C36: Desarrollo del menú interactivo (menú lateral o superior) | D36: Frontend | E36: 3
C37: Configuración lógica de navegación y rutas hacia cada sección | D37: Backend | E37: 3
C38: Pruebas de usabilidad para asegurar que cada categoría lleva al lugar correcto | D38: QA | E38: 2
C39: Revisión de accesibilidad y facilidad de uso | D39: Todos | E39: 1
A40: HU02 | B40: Panel de resumen del paciente | C40: Tarea | D40: Responsable | E40: Horas estimadas | F40: Entregable | G40: Horas totales
C41: Diseño de la interfaz del panel con bloques para citas, indicaciones y notificaciones | D41: Diseñador | E41: 2 | F41: Panel integrado que muestra citas próximas, indicaciones médicas activas y notificaciones recientes. | G41: ='Sprint Backlog - Antiguo'!G11*4 -> 20
C42: Desarrollo de los componentes visuales del panel en el frontend | D42: Frontend | E42: 5
C43: Lógica de carga de datos del resumen (citas, indicaciones, notificaciones) | D43: Backend | E43: 9
C44: Validación de funcionamiento y datos correctos en cada bloque | D44: QA | E44: 3
C45: Revisión general del comportamiento del panel y su utilidad para el usuario final | D45: Todos | E45: 1
A46: HU03 | B46: Panel diario del médico | C46: Tarea | D46: Responsable | E46: Horas estimadas | F46: Entregable | G46: Horas totales
C47: Diseño del panel con vista clara de la agenda diaria y acceso directo al historial | D47: Diseñador | E47: 3 | F47: Panel que muestra citas del día con enlaces al historial médico de cada paciente agendado. | G47: ='Sprint Backlog - Antiguo'!G12*4 -> 20
C48: Desarrollo de la vista con componentes que muestren las citas y habiliten enlaces al historial | D48: Frontend | E48: 8
C49: Backend para consulta de citas diarias y vinculación con datos médicos del paciente | D49: Backend | E49: 5
C50: Pruebas de funcionalidad y navegación entre agenda e historiales | D50: QA | E50: 3
C51: Revisión final para garantizar experiencia fluida y datos bien organizados | D51: Todos | E51: 1
A52: HU58 | B52: Mostrar pie de página con información esencial en cada sección | C52: Tarea | D52: Responsable | E52: Horas estimadas | F52: Entregable | G52: Horas totales
C53: Diseño del pie de pagina con datos esenciales (nombre, contacto, direccion, horario, enlaces) | D53: Diseñador | E53: 2 | F53: Pie de página funcional y consistente en todo el sistema con información institucional clave. | G53: ='Sprint Backlog - Antiguo'!G13*4 -> 8
C54: Implementación del pie de página en plantilla global de la interfaz | D54: Frontend | E54: 4
D55: Backend
C56: Pruebas para asegurar que el pie de página aparece en todas las secciones del sistema | D56: QA | E56: 1
C57: Mostrar pie de página con información esencial en cada sección | D57: Todos | E57: 1
A58: HU41 | B58: Recibir recordatorio de cita próxima | C58: Tarea | D58: Responsable | E58: Horas estimadas | F58: Entregable | G58: Horas totales
C59: Diseño de la interfaz de la notificacion | D59: Diseñador | E59: 4 | F59: Notificación automática funcional que avisa al paciente un día antes de su cita médica programada. | G59: ='Sprint Backlog - Antiguo'!G14*4 -> 32
C60: Integracion del sistema de alertas en interfaz del paciente | D60: Frontend | E60: 10
C61: Desarrollo del sistema de alertas programadas segun la fecha y hora de cita | D61: Backend | E61: 15
C62: Pruebas para verificar las alertas se envian correctamente segun el tiempo configurado | D62: QA | E62: 2
C63: Validación del comportamiento del sistema en distintos escenarios (con y sin citas próximas) | D63: Todos | E63: 1
A65: SPRINT 3
A66: ID HU | B66: Título resumido | C66: Tarea | D66: Responsable | E66: Horas estimadas | F66: Entregable | G66: Horas totales
A67: HU54 | B67: Acceder en todo momento a las notificaciones | C67: Diseño de las ventanas de notificacion(es) | D67: Diseñador | E67: 1 | F67: Botón para acceder a las notificaciones | G67: ='Sprint Backlog - Antiguo'!G18*4 -> 8
C68: Desarrollo del diseño de las notificaciones junto a las funcionalidades | D68: Frontend | E68: 3
C69: Desarrollo de la información (debe existir) de las notificaciones | D69: Backend | E69: 2
C70: Revisión y seguimiento del proceso de desarrollo de la función | D70: QA | E70: 1
C71: Revisión en conjunto de la funcionalidad | D71: Todos | E71: 1
A72: HU55 | B72: Ver información detallada o redirección desde la notificación | C72: Tarea | D72: Responsable | E72: Horas estimadas | F72: Entregable | G72: Horas totales
C73: Diseño de la interfaz del panel con bloques para citas, indicaciones y notificaciones | D73: Diseñador | E73: 3 | F73: Enlase funcional para dirigirse donde esta la informacion completa . | G73: ='Sprint Backlog - Antiguo'!G19*4 -> 32
C74: Desarrollo de boton para dirigirse donde esta la informacion se esa informacion | D74: Frontend | E74: 11
D75: Backend
C76: Validación de funcionamiento del boton | D76: QA | E76: 2
C77: Revisión general del comportamiento del panel y su utilidad para el usuario final | D77: Todos | E77: 1
A78: HU56 | B78: Eliminar una notificación individual | C78: Tarea | D78: Responsable | E78: Horas estimadas | F78: Entregable | G78: Horas totales
C79: Diseño del ícono de eliminación individual | D79: Diseñador | E79: 1 | F79: Funcionalidad para eliminar notificaciones individuales | G79: ='Sprint Backlog - Antiguo'!G20*4 -> 12
C80: Desarrollo del botón de eliminar notificación y su funcionalidad | D80: Frontend | E80: 4
C81: Implementación de lógica para eliminar la notificación del sistema del usuario | D81: Backend | E81: 5
C82: Pruebas: clic en ícono, eliminación efectiva,visualisacion (confirmación o desaparición) | D82: QA | E82: 1
C83: Revisión y validación final del comportamiento | D83: Todos | E83: 1
A84: HU57 | B84: Eliminar todas las notificaciones en una sola acción | C84: Tarea | D84: Responsable | E84: Horas estimadas | F84: Entregable | G84: Horas totales
C85: Diseño del ícono de eliminación general | D85: Diseñador | E85: 1 | F85: Funcionalidad para eliminar todas las notificacione | G85: ='Sprint Backlog - Antiguo'!G21*4 -> 8
C86: Desarrollo del botón de eliminar las notificacione | D86: Frontend | E86: 2
C87: Implementación de lógica para eliminar la notificaciónes del sistema del usuario | D87: Backend | E87: 3
C88: Pruebas: clic en ícono, eliminación efectiva,visualisacion (confirmación o desaparición) | D88: QA | E88: 1
C89: Revisión y validación final del comportamiento | D89: Todos | E89: 1
A90: HU04 | B90: Soporte técnico o FAQ | C90: Tarea | D90: Responsable | E90: Horas estimadas | F90: Entregable | G90: Horas totales
C91: Diseño de acceso visible al chat o sección de preguntas frecuentes (FAQ) | D91: Diseñador | E91: 2 | F91: Acceso a soporte/FAQ integrado, funcional y visible desde cualquier sección del sistema. | G91: ='Sprint Backlog - Antiguo'!G22*4 -> 12
C92: Implementación del diseño en la interfaz | D92: Frontend | E92: 6
C93: Configuración de backend para redireccionar al chat o al correo alectronico | D93: Backend | E93: 1
C94: Pruebas de accesibilidad, visibilidad, y correcto despliegue | D94: QA | E94: 2
C95: Validación de funcionalidad e integración del acceso en diferentes secciones del sistema | D95: Todos | E95: 1
A96: HU05 | B96: Reporte de errores técnicos | C96: Tarea | D96: Responsable | E96: Horas estimadas | F96: Entregable | G96: Horas totales
C97: Diseño de botón | D97: Diseñador | E97: 3 | F97: Funcionalidad activa y visible en toda la plataforma, con almacenamiento correcto de reportes. | G97: ='Sprint Backlog - Antiguo'!G23*4 -> 20
C98: Desarrollo del componente visual y su integración en todas las secciones | D98: Frontend | E98: 7
C99: Configuración de backend para recibir y almacenar los reportes con detalles técnicos | D99: Backend | E99: 7
C100: Pruebas de envío, visibilidad del botón, y validación de que llegue la información esperada | D100: QA | E100: 2
C101: Validación integral con todos los equipos | D101: Todos | E101: 1
A103: SPRINT 4
...

Sheet Tareas X Sprint 27-06-25
A1: SPRINT 1
A2: ID HU | B2: Título resumido | C2: Tarea | D2: Responsable | E2: Horas estimadas | F2: Entregable | G2: Horas totales
A3: HU01 | B3: Menú de navegación clara | C3: Diseño de estructura del menú con categorías visibles y comprensibles | D3: Diseñador | E3: 3 | F3: Menú funcional con las categorías: Inicio, Agendamiento de citas, Mi planilla, Familiares, Indicaciones médicas, Configuración. | G3: ='Sprint Backlog - 27-06-25'!$G$2*4 -> 12
C4: Desarrollo del menú interactivo (menú lateral o superior) | D4: Frontend | E4: 3
C5: Configuración lógica de navegación y rutas hacia cada sección | D5: Backend | E5: 3
C6: Pruebas de usabilidad para asegurar que cada categoría lleva al lugar correcto | D6: QA | E6: 2
C7: Revisión de accesibilidad y facilidad de uso | D7: Todos | E7: 1
A8: HU03 | B8: Panel diario del médico | C8: Tarea | D8: Responsable | E8: Horas estimadas | F8: Entregable | G8: Horas totales
C9: Diseño del panel con vista clara de la agenda diaria y acceso directo al historial | D9: Diseñador | E9: 3 | F9: Panel que muestra citas del día con enlaces al historial médico de cada paciente agendado. | G9: ='Sprint Backlog - 27-06-25'!$G$3*4 -> 20
C10: Desarrollo de la vista con componentes que muestren las citas y habiliten enlaces al historial | D10: Frontend | E10: 8
C11: Backend para consulta de citas diarias y vinculación con datos médicos del paciente | D11: Backend | E11: 5
C12: Pruebas de funcionalidad y navegación entre agenda e historiales | D12: QA | E12: 3
C13: Revisión final para garantizar experiencia fluida y datos bien organizados | D13: Todos | E13: 1
A14: HU05 | B14: Reporte de errores técnicos | C14: Tarea | D14: Responsable | E14: Horas estimadas | F14: Entregable | G14: Horas totales
C15: Diseño de botón | D15: Diseñador | E15: 3 | F15: Funcionalidad activa y visible en toda la plataforma, con almacenamiento correcto de reportes. | G15: ='Sprint Backlog - 27-06-25'!$G$4*4 -> 20
C16: Desarrollo del componente visual y su integración en todas las secciones | D16: Frontend | E16: 7
C17: Configuración de backend para recibir y almacenar los reportes con detalles técnicos | D17: Backend | E17: 7
C18: Pruebas de envío, visibilidad del botón, y validación de que llegue la información esperada | D18: QA | E18: 2
C19: Validación integral con todos los equipos | D19: Todos | E19: 1
A20: HU06 | B20: Modificar horarios de médicos | C20: Tarea | D20: Responsable | E20: Horas estimadas | F20: Entregable | G20: Horas totales
C21: Diseño de interfaz para edición de horarios médicos | D21: Diseñador | E21: 2 | F21: Módulo funcional para que los administradores modifiquen horarios médicos de forma intuitiva, con notificación automática al médico afectado, asegurando integridad del calendario y compatibilidad con citas ya agendadas. | G21: ='Sprint Backlog - 27-06-25'!$G$5*4 -> 20
C22: Implementación de formulario o vista editable de horarios en el panel de administración | D22: Frontend | E22: 7
C23: Desarrollo de lógica backend para actualizar horarios y notificar cambios al médico | D23: Backend | E23: 9
C24: Pruebas de modificaciones con validación de conflictos y notificación | D24: QA | E24: 1
C25: Revisión de impacto en citas existentes, sincronización con disponibilidad y feedback visual | D25: Todos | E25: 1
A26: HU09 | B26: Registro de nuevo usuario | C26: Tarea | D26: Responsable | E26: Horas estimadas | F26: Entregable | G26: Horas totales
C27: Diseño del formulario de registro con campos necesarios y mensaje de términos | D27: Diseñador | E27: 3 | F27: Formulario de registro funcional con validacion de datos | G27: ='Sprint Backlog - 27-06-25'!$G$6*4 -> 20
C28: Desarrollo de formulario de registro | D28: Frontend | E28: 6
C29: Creación de usuarios, validación de datos y almacenamiento seguro | D29: Backend | E29: 8
C30: Pruebas de validación del formulario y funcionalidad de registro | D30: QA | E30: 2
C31: Revisión conjunta del flujo de registro | D31: Todos | E31: 1
A33: SPRINT 2
A34: ID HU | B34: Título resumido | C34: Tarea | D34: Responsable | E34: Horas estimadas | F34: Entregable | G34: Horas totales
A35: HU12 | B35: Validación de campos del formulario en tiempo real | C35: Definir reglas de validación para cada campo (formato, longitud, requeridos, etc...) | D35: Diseñador | E35: 4 | F35: Formulario con validación en tiempo real y mensajes de error útiles | G35: ='Sprint Backlog - 27-06-25'!$G$10*4 -> 8
C36: Implementar validación en tiempo real durante la escritura en el formulario, crear mensajes de error claros y accesibles para cada tipo de validación | D36: Frontend | E36: 6
D37: Backend
C38: Verificar funcionamiento de todas las validaciones (manual y automatizado) | D38: QA | E38: 1
C39: Revisión de flujo completo de registro con validaciones activas | D39: Todos | E39: 1
A40: HU13 | B40: Recuperacion de contraseña | C40: Tarea | D40: Responsable | E40: Horas estimadas | F40: Entregable | G40: Horas totales
C41: Definir la política de seguridad (longitud mínima, caracteres especiales, etc.) | D41: Diseñador | E41: 2 | F41: Registro validado con contraseñas seguras según política definida | G41: ='Sprint Backlog - 27-06-25'!$G$11*4 -> 20
C42: Implementar validación de contraseña según política en el formulario de registro | D42: Frontend | E42: 3
C43: Agregar validación del lado del servidor y mensajes de errores claros | D43: Backend | E43: 5
C44: Verificar funcionamiento con casos válidos e inválidos | D44: QA | E44: 1
C45: Revisión conjunta del cumplimiento y experiencia de usuario | D45: Todos | E45: 1
A46: HU27 | B46: Control de horarios según jornada laboral | C46: Tarea | D46: Responsable | E46: Horas estimadas | F46: Entregable | G46: Horas totales
C47: diseño y parametrización de los rangos de horario laboral por sede y especialidad | D47: Diseñador | E47: 1 | F47: Sistema de agendamiento validado que solo permite reservar citas dentro del horario laboral definido, con restricciones visuales en la interfaz y lógica de backend que asegura integridad en la programación. | G47: ='Sprint Backlog - 27-06-25'!$G$12*4 -> 20
C48: Implementación en frontend de restricciones visuales (bloqueo de horas fuera del rango) | D48: Frontend | E48: 8
C49: Desarrollo de la lógica de validación de horarios permitidos para agendamiento de citas | D49: Backend | E49: 8
C50: Pruebas de validación con distintos escenarios y perfiles de usuario | D50: QA | E50: 2
C51: Verificación de consistencia entre horarios médicos y horarios disponibles para paciente | D51: Todos | E51: 1
A52: HU28 | B52: Recibir notificación de nueva cita agendada | C52: Tarea | D52: Responsable | E52: Horas estimadas | F52: Entregable | G52: Horas totales
D53: Diseñador | F53: Sistema funcional que registra automáticamente cada cita nueva agendada por pacientes, con persistencia segura en base de datos y verificación en paneles de administración. | G53: ='Sprint Backlog - 27-06-25'!$G$13*4 -> 12
C54: Adaptación del formulario de agendamiento para enviar datos completos | D54: Frontend | E54: 3
C55: Diseño del esquema de base de datos para almacenar registros de citas, Implementación de lógica para registrar automáticamente nuevas citas | D55: Backend | E55: 7
C56: Verificación de integridad y pruebas de persistencia de los registros | D56: QA | E56: 1
C57: Validación de consistencia con reportes y paneles administrativos | D57: Todos | E57: 1
A58: HU35 | B58: Cancelar o reprogramar cita | C58: Tarea | D58: Responsable | E58: Horas estimadas | F58: Entregable | G58: Horas totales
C59: Diseño de interfaz para mostrar citas próximas con opciones de cancelar o reprogramar | D59: Diseñador | E59: 2 | F59: Funcionalidad habilitada para cancelar o reprogramar citas desde el perfil del paciente, con actualizaciones reflejadas en tiempo real, interfaz intuitiva y validada en distintos dispositivos. | G59: ='Sprint Backlog - 27-06-25'!$G$14*4 -> 20
C60: Implementación del botón de cancelar y flujo de reprogramación en la interfaz | D60: Frontend | E60: 7
C61: Desarrollo de lógica backend para actualizar o eliminar la cita en el sistema | D61: Backend | E61: 9
C62: Pruebas funcionales de cancelación y reprogramación (confirmaciones, actualizaciones de agenda) | D62: QA | E62: 1
C63: Revisión de la experiencia de usuario en móviles y escritorio | D63: Todos | E63: 1
A65: SPRINT 3
A66: ID HU | B66: Título resumido | C66: Tarea | D66: Responsable | E66: Horas estimadas | F66: Entregable | G66: Horas totales
A67: HU42 | B67: Modificar o reprogramar una cita | C67: Debe diseñar un botón que referencie a modificar o reprogramar una cita | D67: Diseñador | E67: 1 | F67: Desarrollar una función para modificar una cita | G67: ='Sprint Backlog - 27-06-25'!$G$18*4 -> 12
C68: Debe implementar el botón dentro del sistema | D68: Frontend | E68: 1
C69: Debe configurar el sistema y que la base de datos se actualice cuando el paciente realice una modificacion de una cita | D69: Backend | E69: 7
C70: Revisión y seguimiento del proceso de desarrollo de la función | D70: QA | E70: 1
C71: Revisión en conjunto de la funcionalidad | D71: Todos | E71: 2
A72: HU47 | B72: Visualizar indicaciones asignadas por el médico | C72: Tarea | D72: Responsable | E72: Horas estimadas | F72: Entregable | G72: Horas totales
C73: Diseño de la sección de indicaciones médicas (estructura clara y jerárquica) | D73: Diseñador | E73: 1 | F73: Sección funcional y validada que permite al paciente visualizar, de forma clara y estructurada, las indicaciones médicas emitidas por el profesional tras una cita (medicación, exámenes, restricciones, etc.), accesible desde su historial clínico. | G73: ='Sprint Backlog - 27-06-25'!$G$19*4 -> 20
C74: Implementación en frontend para mostrar indicaciones por cita | D74: Frontend | E74: 7
C75: Desarrollo backend para recuperar las indicaciones asociadas a la cita desde la base de dato | D75: Backend | E75: 9
C76: Pruebas de visualización, legibilidad de contenido y vínculo con citas anteriores | D76: QA | E76: 2
C77: Verificación final en móviles, tablets y navegadores comunes | D77: Todos | E77: 1
A78: HU51 | B78: Acceder a un menú desplegable con opciones del perfil | C78: Tarea | D78: Responsable | E78: Horas estimadas | F78: Entregable | G78: Horas totales
C79: Diseño de menú desplegable accesible desde el perfil | D79: Diseñador | E79: 2 | F79: Menú desplegable funcional y validado, accesible desde el perfil del paciente. | G79: ='Sprint Backlog - 27-06-25'!$G$20*4 -> 12
C80: Implementación del menú desplegable con accesibilidad y estilo coherente | D80: Frontend | E80: 4
C81: cargar datos del usuario y opciones configurables | D81: Backend | E81: 3
C82: Pruebas de despliegue, navegación y gestión de opciones | D82: QA | E82: 2
C83: Revisión de experiencia y funcionalidad final | D83: Todos | E83: 1
A84: HU52 | B84: Editar mis datos personales desde el perfil | C84: Tarea | D84: Responsable | E84: Horas estimadas | F84: Entregable | G84: Horas totales
C85: Diseño de interfaz para editar teléfono, dirección y correo | D85: Diseñador | E85: 2 | F85: Funcionalidad integrada que permite modificar datos personales desde el menú de perfil. | G85: ='Sprint Backlog - 27-06-25'!$G$21*4 -> 20
C86: Desarrollo de componentes interactivos del formulario | D86: Frontend | E86: 6
C87: Backend para validar, guardar y actualizar los nuevos datos del usuario | D87: Backend | E87: 9
C88: Pruebas de validación de campos, actualizaciones correctas y errores | D88: QA | E88: 1
C89: Revisión final de experiencia de usuario y flujos | D89: Todos | E89: 1
A90: HU53 | B90: Cerrar sesión desde el menú de perfil | C90: Tarea | D90: Responsable | E90: Horas estimadas | F90: Entregable | G90: Horas totales
C91: Diseño del botón de “Cerrar sesión” dentro del contenedor del perfil | D91: Diseñador | E91: 1 | F91: Funcionalidad completa de cierre de sesión desde el perfil, probada y estable. | G91: ='Sprint Backlog - 27-06-25'!$G$22*4 -> 12
C92: Implementación del botón de cierre de sesión en la interfaz | D92: Frontend | E92: 3
C93: Desarrollo de la lógica para cerrar sesión y redirigir al login | D93: Backend | E93: 6
C94: Pruebas de flujo de cierre, redirección y sesión finalizada | D94: QA | E94: 1
C95: Revisión final en todos los navegadores y dispositivos | D95: Todos | E95: 1
A96: HU58 | B96: Mostrar pie de página con información esencial en cada sección | C96: Tarea | D96: Responsable | E96: Horas estimadas | F96: Entregable | G96: Horas totales
C97: Diseño del pie de pagina con datos esenciales (nombre, contacto, direccion, horario, enlaces) | D97: Diseñador | E97: 2 | F97: Pie de página funcional y consistente en todo el sistema con información institucional clave. | G97: ='Sprint Backlog - 27-06-25'!$G$23*4 -> 8
C98: Implementación del pie de página en plantilla global de la interfaz | D98: Frontend | E98: 4
D99: Backend
C100: Pruebas para asegurar que el pie de página aparece en todas las secciones del sistema | D100: QA | E100: 1
C101: Mostrar pie de página con información esencial en cada sección | D101: Todos | E101: 1
A103: SPRINT 4
...

Sheet Tareas X Sprint
A1: SPRINT 1
A2: ID HU | B2: Título resumido | C2: Tarea | D2: Responsable | E2: Horas estimadas | F2: Entregable | G2: Horas totales
A3: HU01 | B3: Menú de navegación clara | C3: Diseño de estructura del menú con categorías visibles y comprensibles | D3: Diseñador | E3: 3 | F3: Menú funcional con las categorías: Inicio, Agendamiento de citas, Mi planilla, Familiares, Indicaciones médicas, Configuración. | G3: ='Sprint Backlog - 27-06-25'!$G$2*4 -> 12
C4: Desarrollo del menú interactivo (menú lateral o superior) | D4: Frontend | E4: 3
C5: Configuración lógica de navegación y rutas hacia cada sección | D5: Backend | E5: 3
C6: Pruebas de usabilidad para asegurar que cada categoría lleva al lugar correcto | D6: QA | E6: 2
C7: Revisión de accesibilidad y facilidad de uso | D7: Todos | E7: 1
A8: HU03 | B8: Panel diario del médico | C8: Tarea | D8: Responsable | E8: Horas estimadas | F8: Entregable | G8: Horas totales
C9: Diseño del panel con vista clara de la agenda diaria y acceso directo al historial | D9: Diseñador | E9: 3 | F9: Panel que muestra citas del día con enlaces al historial médico de cada paciente agendado. | G9: ='Sprint Backlog - 27-06-25'!$G$3*4 -> 20
C10: Desarrollo de la vista con componentes que muestren las citas y habiliten enlaces al historial | D10: Frontend | E10: 8
C11: Backend para consulta de citas diarias y vinculación con datos médicos del paciente | D11: Backend | E11: 5
C12: Pruebas de funcionalidad y navegación entre agenda e historiales | D12: QA | E12: 3
C13: Revisión final para garantizar experiencia fluida y datos bien organizados | D13: Todos | E13: 1
A14: HU05 | B14: Reporte de errores técnicos | C14: Tarea | D14: Responsable | E14: Horas estimadas | F14: Entregable | G14: Horas totales
C15: Diseño de botón | D15: Diseñador | E15: 3 | F15: Funcionalidad activa y visible en toda la plataforma, con almacenamiento correcto de reportes. | G15: ='Sprint Backlog - 27-06-25'!$G$4*4 -> 20
C16: Desarrollo del componente visual y su integración en todas las secciones | D16: Frontend | E16: 7
C17: Configuración de backend para recibir y almacenar los reportes con detalles técnicos | D17: Backend | E17: 7
C18: Pruebas de envío, visibilidad del botón, y validación de que llegue la información esperada | D18: QA | E18: 2
C19: Validación integral con todos los equipos | D19: Todos | E19: 1
A20: HU06 | B20: Modificar horarios de médicos | C20: Tarea | D20: Responsable | E20: Horas estimadas | F20: Entregable | G20: Horas totales
C21: Diseño de interfaz para edición de horarios médicos | D21: Diseñador | E21: 2 | F21: Módulo funcional para que los administradores modifiquen horarios médicos de forma intuitiva, con notificación automática al médico afectado, asegurando integridad del calendario y compatibilidad con citas ya agendadas. | G21: ='Sprint Backlog - 27-06-25'!$G$5*4 -> 20
C22: Implementación de formulario o vista editable de horarios en el panel de administración | D22: Frontend | E22: 7
C23: Desarrollo de lógica backend para actualizar horarios y notificar cambios al médico | D23: Backend | E23: 9
C24: Pruebas de modificaciones con validación de conflictos y notificación | D24: QA | E24: 1
C25: Revisión de impacto en citas existentes, sincronización con disponibilidad y feedback visual | D25: Todos | E25: 1
A26: HU09 | B26: Registro de nuevo usuario | C26: Tarea | D26: Responsable | E26: Horas estimadas | F26: Entregable | G26: Horas totales
C27: Diseño del formulario de registro con campos necesarios y mensaje de términos | D27: Diseñador | E27: 3 | F27: Formulario de registro funcional con validacion de datos | G27: ='Sprint Backlog - 27-06-25'!$G$6*4 -> 20
C28: Desarrollo de formulario de registro | D28: Frontend | E28: 6
C29: Creación de usuarios, validación de datos y almacenamiento seguro | D29: Backend | E29: 8
C30: Pruebas de validación del formulario y funcionalidad de registro | D30: QA | E30: 2
C31: Revisión conjunta del flujo de registro | D31: Todos | E31: 1
A33: SPRINT 2
A34: ID HU | B34: Título resumido | C34: Tarea | D34: Responsable | E34: Horas estimadas | F34: Entregable | G34: Horas totales
A35: HU12 | B35: Validación de campos del formulario en tiempo real | C35: Definir reglas de validación para cada campo (formato, longitud, requeridos, etc...) | D35: Diseñador | E35: 4 | F35: Formulario con validación en tiempo real y mensajes de error útiles | G35: ='Sprint Backlog - 27-06-25'!$G$10*4 -> 8
C36: Implementar validación en tiempo real durante la escritura en el formulario, crear mensajes de error claros y accesibles para cada tipo de validación | D36: Frontend | E36: 6
D37: Backend
C38: Verificar funcionamiento de todas las validaciones (manual y automatizado) | D38: QA | E38: 1
C39: Revisión de flujo completo de registro con validaciones activas | D39: Todos | E39: 1
A40: HU13 | B40: Recuperacion de contraseña | C40: Tarea | D40: Responsable | E40: Horas estimadas | F40: Entregable | G40: Horas totales
C41: Definir la política de seguridad (longitud mínima, caracteres especiales, etc.) | D41: Diseñador | E41: 2 | F41: Registro validado con contraseñas seguras según política definida | G41: ='Sprint Backlog - 27-06-25'!$G$11*4 -> 20
C42: Implementar validación de contraseña según política en el formulario de registro | D42: Frontend | E42: 3
C43: Agregar validación del lado del servidor y mensajes de errores claros | D43: Backend | E43: 5
C44: Verificar funcionamiento con casos válidos e inválidos | D44: QA | E44: 1
C45: Revisión conjunta del cumplimiento y experiencia de usuario | D45: Todos | E45: 1
A46: HU27 | B46: Control de horarios según jornada laboral | C46: Tarea | D46: Responsable | E46: Horas estimadas | F46: Entregable | G46: Horas totales
C47: diseño y parametrización de los rangos de horario laboral por sede y especialidad | D47: Diseñador | E47: 1 | F47: Sistema de agendamiento validado que solo permite reservar citas dentro del horario laboral definido, con restricciones visuales en la interfaz y lógica de backend que asegura integridad en la programación. | G47: ='Sprint Backlog - 27-06-25'!$G$12*4 -> 20
C48: Implementación en frontend de restricciones visuales (bloqueo de horas fuera del rango) | D48: Frontend | E48: 8
C49: Desarrollo de la lógica de validación de horarios permitidos para agendamiento de citas | D49: Backend | E49: 8
C50: Pruebas de validación con distintos escenarios y perfiles de usuario | D50: QA | E50: 2
C51: Verificación de consistencia entre horarios médicos y horarios disponibles para paciente | D51: Todos | E51: 1
A52: HU28 | B52: Recibir notificación de nueva cita agendada | C52: Tarea | D52: Responsable | E52: Horas estimadas | F52: Entregable | G52: Horas totales
D53: Diseñador | F53: Sistema funcional que registra automáticamente cada cita nueva agendada por pacientes, con persistencia segura en base de datos y verificación en paneles de administración. | G53: ='Sprint Backlog - 27-06-25'!$G$13*4 -> 12
C54: Adaptación del formulario de agendamiento para enviar datos completos | D54: Frontend | E54: 3
C55: Diseño del esquema de base de datos para almacenar registros de citas, Implementación de lógica para registrar automáticamente nuevas citas | D55: Backend | E55: 2
C56: Verificación de integridad y pruebas de persistencia de los registros | D56: QA | E56: 1
C57: Validación de consistencia con reportes y paneles administrativos | D57: Todos | E57: 1
A58: HU35 | B58: Cancelar o reprogramar cita | C58: Tarea | D58: Responsable | E58: Horas estimadas | F58: Entregable | G58: Horas totales
C59: Diseño de interfaz para mostrar citas próximas con opciones de cancelar o reprogramar | D59: Diseñador | E59: 9 | F59: Funcionalidad habilitada para cancelar o reprogramar citas desde el perfil del paciente, con actualizaciones reflejadas en tiempo real, interfaz intuitiva y validada en distintos dispositivos. | G59: ='Sprint Backlog - 27-06-25'!$G$14*4 -> 20
C60: Implementación del botón de cancelar y flujo de reprogramación en la interfaz | D60: Frontend | E60: 7
C61: Desarrollo de lógica backend para actualizar o eliminar la cita en el sistema | D61: Backend | E61: 9
C62: Pruebas funcionales de cancelación y reprogramación (confirmaciones, actualizaciones de agenda) | D62: QA | E62: 1
C63: Revisión de la experiencia de usuario en móviles y escritorio | D63: Todos | E63: 1
A65: SPRINT 3
A66: ID HU | B66: Título resumido | C66: Tarea | D66: Responsable | E66: Horas estimadas | F66: Entregable | G66: Horas totales
A67: HU42 | B67: Modificar o reprogramar una cita | C67: Debe diseñar un botón que referencie a modificar o reprogramar una cita | D67: Diseñador | E67: 1 | F67: Desarrollar una función para modificar una cita | G67: ='Sprint Backlog - 27-06-25'!$G$18*4 -> 12
C68: Debe implementar el botón dentro del sistema | D68: Frontend | E68: 1
C69: Debe configurar el sistema y que la base de datos se actualice cuando el paciente realice una modificacion de una cita | D69: Backend | E69: 7
C70: Revisión y seguimiento del proceso de desarrollo de la función | D70: QA | E70: 1
C71: Revisión en conjunto de la funcionalidad | D71: Todos | E71: 2
A72: HU47 | B72: Visualizar indicaciones asignadas por el médico | C72: Tarea | D72: Responsable | E72: Horas estimadas | F72: Entregable | G72: Horas totales
C73: Diseño de la sección de indicaciones médicas (estructura clara y jerárquica) | D73: Diseñador | E73: 1 | F73: Sección funcional y validada que permite al paciente visualizar, de forma clara y estructurada, las indicaciones médicas emitidas por el profesional tras una cita (medicación, exámenes, restricciones, etc.), accesible desde su historial clínico. | G73: ='Sprint Backlog - 27-06-25'!$G$19*4 -> 20
C74: Implementación en frontend para mostrar indicaciones por cita | D74: Frontend | E74: 7
C75: Desarrollo backend para recuperar las indicaciones asociadas a la cita desde la base de dato | D75: Backend | E75: 9
C76: Pruebas de visualización, legibilidad de contenido y vínculo con citas anteriores | D76: QA | E76: 2
C77: Verificación final en móviles, tablets y navegadores comunes | D77: Todos | E77: 1
A78: HU51 | B78: Acceder a un menú desplegable con opciones del perfil | C78: Tarea | D78: Responsable | E78: Horas estimadas | F78: Entregable | G78: Horas totales
C79: Diseño de menú desplegable accesible desde el perfil | D79: Diseñador | E79: 2 | F79: Menú desplegable funcional y validado, accesible desde el perfil del paciente. | G79: ='Sprint Backlog - 27-06-25'!$G$20*4 -> 12
C80: Implementación del menú desplegable con accesibilidad y estilo coherente | D80: Frontend | E80: 4
C81: cargar datos del usuario y opciones configurables | D81: Backend | E81: 3
C82: Pruebas de despliegue, navegación y gestión de opciones | D82: QA | E82: 2
C83: Revisión de experiencia y funcionalidad final | D83: Todos | E83: 1
A84: HU52 | B84: Editar mis datos personales desde el perfil | C84: Tarea | D84: Responsable | E84: Horas estimadas | F84: Entregable | G84: Horas totales
C85: Diseño de interfaz para editar teléfono, dirección y correo | D85: Diseñador | E85: 2 | F85: Funcionalidad integrada que permite modificar datos personales desde el menú de perfil. | G85: ='Sprint Backlog - 27-06-25'!$G$21*4 -> 20
C86: Desarrollo de componentes interactivos del formulario | D86: Frontend | E86: 6
C87: Backend para validar, guardar y actualizar los nuevos datos del usuario | D87: Backend | E87: 9
C88: Pruebas de validación de campos, actualizaciones correctas y errores | D88: QA | E88: 1
C89: Revisión final de experiencia de usuario y flujos | D89: Todos | E89: 1
A90: HU53 | B90: Cerrar sesión desde el menú de perfil | C90: Tarea | D90: Responsable | E90: Horas estimadas | F90: Entregable | G90: Horas totales
C91: Diseño del botón de “Cerrar sesión” dentro del contenedor del perfil | D91: Diseñador | E91: 1 | F91: Funcionalidad completa de cierre de sesión desde el perfil, probada y estable. | G91: ='Sprint Backlog - 27-06-25'!$G$22*4 -> 12
C92: Implementación del botón de cierre de sesión en la interfaz | D92: Frontend | E92: 3
C93: Desarrollo de la lógica para cerrar sesión y redirigir al login | D93: Backend | E93: 6
C94: Pruebas de flujo de cierre, redirección y sesión finalizada | D94: QA | E94: 1
C95: Revisión final en todos los navegadores y dispositivos | D95: Todos | E95: 1
A96: HU59 | B96: Registro de usuario con administrador | C96: Tarea | D96: Responsable | E96: Horas estimadas | F96: Entregable | G96: Horas totales
C97: Diseño de interfaz para la sección de gestión de usuarios (formulario, validaciones) | D97: Diseñador | E97: 3 | F97: Pie de página funcional y consistente en todo el sistema con información institucional clave. | G97: ='Sprint Backlog - 27-06-25'!$G$23*4 -> 8
C98: Desarrollo del formulario de registro de usuarios en el frontend | D98: Frontend | E98: 4
C99: Creación de endpoints y lógica para agregar usuarios según tipo | D99: Backend | E99: 8
C100: Pruebas funcionales de la sección (roles, validaciones, flujos) | D100: QA | E100: 1
C101: Verificación de acceso a la sección solo para administradores | D101: Todos | E101: 2
A103: SPRINT 4
...

Sheet Cronograma estimado por sprints
A1: Sprint | B1: Duracion | C1: Objetivo del Sprint | D1: HUs a entregar
A2: Sprint 1 | B2: 1 semana | C2: Estructurar la interfaz base: menú, panel principal, gestión técnica y horarios. | D2: HU01
D3: HU03
D4: HU05
D5: HU06
D6: HU09
A7: Sprint 2 | B7: 1 semana | C7: Habilitar el inicio de sesión y fortalecer la gestión de citas y horarios. | D7: HU12
D8: HU13
D9: HU27
D10: HU28
D11: HU35
A12: Sprint 3 | B12: 1 semana | C12: Incorporar funciones del usuario como perfil, planilla e indicaciones médicas. | D12: HU42
D13: HU47
D14: HU51
D15: HU52
D16: HU53
D17: HU59
A18: Sprint 4 | B18: 1 semana | C18: Integrar navegación, pie de página, certificados y validaciones de formularios. | D18: HU58
D19: HU02
D20: HU08
D21: HU10
D22: HU11
D23: HU16
D24: HU17
A25: Sprint 5 | B25: 1 semana | C25: Agregar funcionalidades interactivas: calendario, alertas y citas médicas. | D25: HU18
D26: HU19
D27: HU20
D28: HU22
D29: HU23
A30: Sprint 6 | B30: 1 semana | C30: Optimizar la gestión médica con validaciones de citas y registro de profesionales. | D30: HU24
D31: HU25
D32: HU29
D33: HU30
D34: HU32
A35: Sprint 7 | B35: 1 semana | C35: Añadir seguimiento de planilla, familiares y notificaciones. | D35: HU34
D36: HU36
D37: HU37
D38: HU38
D39: HU41
D40: HU46
A41: Sprint 8 | B41: 1 semana | C41: Complementar con soporte técnico, notificaciones e indicaciones. | D41: HU43
D42: HU45
D43: HU49
D44: HU54
D45: HU55
D46: HU04
A47: Sprint 9 | B47: 1 semana | C47: Enfocar en novedades, atención al usuario y notificaciones. | D47: HU07
D48: HU14
D49: HU15
A50: Sprint 10 | B50: 1 semana | C50: Consolidar citas avanzadas, hora prioritaria, planilla y módulos familiares. | D50: HU26
D51: HU31
D52: HU33
D53: HU39
D54: HU40
D55: HU44
A56: Sprint 11 | B56: 1 semana | C56: Automatizar procesos finales: indicaciones, notificaciones y citas automáticas. | D56: HU48
D57: HU50
D58: HU56
D59: HU57
D60: HU21

Sheet BurnDown Chart
B2: DIAS SPRINT | C2: PUNTOS SPRINT | D2: PUNTOS REALES
B3: 1 | C3: ='Sprint Backlog - Antiguo'!G7 -> 19 | D3: ='Sprint Backlog - Antiguo'!G7 -> 19 | E3: =C3/B7 -> 3.8
B4: 2 | C4: =C3-E3 -> 15.2 | D4: 14
B5: 3 | C5: =C4-E3 -> 11.4 | D5: 10
B6: 4 | C6: =C5-E3 -> 7.6 | D6: 6
B7: 5 | C7: =C6-E3 -> 3.8 | D7: 2

Sheet BurnDown Chart anotaciones
D1: DIAS SPRINT | E1: PUNTOS SPRINT | F1: PUNTOS REALES
D2: 1 | E2: 12 | F2: 12 | G2: =E2/D6 -> 2.4
D3: 2 | E3: =E2-G2 -> 9.6 | F3: 12
D4: 3 | E4: =E3-G2 -> 7.2 | F4: 10 | H4: holi :> | I4: y ese insano
D5: 4 | E5: =E4-G2 -> 4.8 | F5: 12 | G5: tambien se pueden presentar nuevas tareas y se pueden incrementar los puntos | H5: holi :>
D6: 5 | E6: =E5-G2 -> 2.4 | F6: 8
E7: si eso veo | F7: aqui va como el progreso dia tras dia de como transcurren las actividades | G7: hojala no pase
E8: XD? | G8: no
G9: ✖️✖️
G10: v | H10: 😵
G11: xd?
H14: bro la historia numero 2 tiene solo 2 punto sea 8 horas es muy poquito para mi mira tu y me dices que opinas
H15: tienes razon
H16: le ponemos 1 o 2 mas ?
H22: si bro se puede liar en el proseso | I22: sos muy insano
H23: digo 3 | I23: ya lo cambio
H24: yo creo que 5 seria mucho | I24: Dale
H26: hoy puedes estar en la reunion? | I26: sip
D27: solo se actualiza cuando las tareas pasan a la columna "hecho" | H27: se supone que si
D28: lo ideal es que lo lleve el Scrum Master (yo merengues) | H28: pana 🤗
D29: se mantiene cada grafica | H29: Es lo ideal para poder explicarte que puedes hacer y que no
H31: que pasa bro
H32: ya lo coloque haya
H33: en lo que estoy haciendo
H34: hay en unos que no hago nada por lo que solo es diseño o es muy nimino
H35: meno👍
H36: meno pues voy a tratar de solo hacer lo que puse no meterme a diseño
H37: 👍

Sheet Daily Scrum
B2: Daily Scrum – Día 1
B3: Fecha: 23 de junio de 2025
B4: Duración: 15 minutos
B5: Equipo: Equipo MediConnect
B6: Moderador: Scrum Master
B8: Nombre | C8: ¿Qué hice ayer? | D8: ¿Qué haré hoy? | E8: ¿Bloqueos?
B9: Andrés (QA, Scrum Master) | C9: Espere a mis compañeros a que enviaran su trabajo | D9: Revisar el trabajo del equipo | E9: No
B10: Sofía (Diseñadora) | C10: Diseñé el formulario de registro con campos básicos | D10: Revisar el trabajo del equipo y preparar pruebas para HU13 | E10: No
B11: Gerson (Backend) | C11: Configuré la base de datos para almacenar datos de registro | D11: Implementar la lógica para almacenar datos del formulario (HU13) | E11: No
B12: Juliana (Frontend) | C12: Creé la estructura inicial del formulario de registro | D12: Integrar el formulario con la API backend para enviar datos y se guarden (HU13) | E12: No
B15: Daily Scrum – Día 2
B16: Fecha: 24 de junio de 2025
B17: Duración: 15 minutos
B18: Equipo: Equipo MediConnect
B19: Moderador: Scrum Master
B21: Nombre | C21: ¿Qué hice ayer? | D21: ¿Qué haré hoy? | E21: ¿Bloqueos?
B22: Andrés (QA, Scrum Master) | C22: Probé la funcionalidad básica del formulario de registro | D22: Preparar casos de prueba para validación de campos en formulario (HU15) | E22: No
B23: Sofía (Diseñadora) | C23: Diseñé la pantalla de inicio de sesión y enlace desde registro (HU14) | D23: Ajustar estilos para mejorar la navegación entre registro e inicio de sesión | E23: No
B24: Gerson (Backend) | C24: Implementé la API para registro de usuarios (HU13) | D24: Desarrollar la lógica para validar campos en el backend (HU15) | E24: No
B25: Juliana (Frontend) | C25: Integré enlace para ir a inicio de sesión desde registro (HU14) | D25: Implementar validación de campos en el frontend (HU15) | E25: No
B28: Daily Scrum – Día 3
B29: Fecha: 25 de junio de 2025
B30: Duración: 15 minutos
B31: Equipo: Equipo MediConnect
B32: Moderador: Scrum Master
B34: Nombre | C34: ¿Qué hice ayer? | D34: ¿Qué haré hoy? | E34: ¿Bloqueos?
B35: Andrés (QA, Scrum Master) | C35: Ejecuté pruebas de validación de campos en formulario | D35: Reportar errores encontrados y coordinar correcciones | E35: No
B36: Sofía (Diseñadora) | C36: Ajusté el diseño para mensajes de error en validación | D36: Colaborar con la encargada del frontend para mostrar mensajes de error claros | E36: No
B37: Gerson (Backend) | C37: Implementé validaciones de campos en backend (HU15) | D37: Mejorar manejo de errores y respuestas para validación | E37: No
B38: Juliana (Frontend) | C38: Añadí validación de campos en frontend y mensajes de error (HU15) | D38: Revisar integración con backend y corregir errores visuales | E38: No
B41: Daily Scrum – Día 4
B42: Fecha: 26 de junio de 2025
B43: Duración: 15 minutos
B44: Equipo: Equipo MediConnect
B45: Moderador: Scrum Master
B47: Nombre | C47: ¿Qué hice ayer? | D47: ¿Qué haré hoy? | E47: ¿Bloqueos?
B48: Andrés (QA, Scrum Master) | C48: Probé la política de seguridad para contraseñas (HU17) | D48: Preparar documentación y casos de prueba para política de contraseñas | E48: No
B49: Sofía (Diseñadora) | C49: Diseñé la interfaz para indicación de requisitos de contraseña (HU17) | D49: Ajustar diseño para mejorar usabilidad y claridad | E49: No
B50: Gerson (Backend) | C50: Implementé validación de política de contraseñas en backend (HU17) | D50: Optimizar lógica y preparar para integración con frontend | E50: No
B51: Juliana (Frontend) | C51: Añadí validación visual para política de contraseñas (HU17) | D51: Integrar validación con backend y pruebas de usuario | E51: No
B54: Daily Scrum – Día 5
B55: Fecha: 27 de junio de 2025
B56: Duración: 15 minutos
B57: Equipo: Equipo MediConnect
B58: Moderador: Scrum Master
B60: Nombre | C60: ¿Qué hice ayer? | D60: ¿Qué haré hoy? | E60: ¿Bloqueos?
B61: Andrés (QA, Scrum Master) | C61: Realicé pruebas finales de todas las funcionalidades del formulario | D61: Preparar reporte final de QA y apoyar en correcciones finales | E61: No
B62: Sofía (Diseñadora) | C62: Ajusté detalles de interfaz tras las pruebas de los usuarios | D62: Apoyar en documentación y revisión final del diseño | E62: No
B63: Gerson (Backend) | C63: Corregí detalles en validaciones y almacenamiento | D63: Preparar despliegue y soporte despues del sprint | E63: No
B64: Juliana (Frontend) | C64: Corregí errores visuales y mejoré experiencia de usuario | D64: Revisar feedback final y preparar una demostración para el equipo de trabajp | E64: No

Sheet Sprint Review
B2: Fecha: Sabado 28 de junio de 2025
B3: Duración: 45 minutos
B4: Participantes: Equipo Scrum (PO, SM, Devs), Stakeholders
B6: Objetivo: Revisar el incremento del producto desarrollado durante el Sprint 1 y obtener retroalimentación directa de los interesados.
B9: Funcionalidades presentadas (Incremento):
B11: Historia de Usuario | C11: Funcionalidad entregada | D11: Estado
B12: HU09 | C12: Formulario de registro funcional con validacion de datos | D12: ✅Completado
B13: HU12 | C13: Formulario con validación en tiempo real y mensajes de error útiles | D13: ✅Completado
B14: HU13 | C14: Registro validado con contraseñas seguras según política definida | D14: ✅Completado
B15: HU11 | C15: " Error técnico mostrado adecuadamente al usuario final si el sistema falla." | D15: ✅Completado
B16: HU10 | C16: " Mensaje desplegado correctamente al detectar correo ya registrado, indicando iniciar sesión en su lugar." | D16: ✅Completado
B18: Demostración:
B19: • El equipo muestra en la interfaz cómo se registran clientes y se agendan citas.
B20: • Se genera una factura al simular el cierre de un servicio.
B21: • Se muestra el panel de administración para crear y desactivar cuentas.
B23: Retroalimentación de los stakeholders:
B24: • Stakeholder: “Excelente avance, pero sería útil que la factura incluya también la cédula del cliente.”
B27: Conclusiones:
B28: • Se tomarán las sugerencias como mejoras para próximos sprints.
B29: • Todo lo planeado se completó: ¡Sprint exitoso!

Sheet Sprint Retrospective
B2: Fecha: Sabado 28 de junio de 2025
B3: Duración: 30 minutos
B4: Participantes: Scrum Master, Equipo de Desarrollo
B6: Objetivo:
B7: Reflexionar sobre el Sprint recién terminado para identificar mejoras.
B9: Técnica usada: Start – Stop – Continue
B10: ✅ Start (empezar a hacer):
B11: • Realizar reuniones para confirmar las funcionalidades
B12: • Estar más organizados dentro de la plataforma de JIRA
B14: 🛑Stop (dejar de hacer):
B15: • Adelantarse sin seguir el orden establecido
B16: • Desarrollar actividades no dadas o en caso de ser así, no avisar al equipo
... B28: • Estar en constante revisión y comunicación con el equipo de desarrollo
